時間,巢穴,活動區,出風口,風扇(%),狀態
2026/7/22 16:07:30,29.1,29.3,29.4,0,維持
2026/7/22 16:07:31,29.1,29.3,29.4,0,維持
2026/7/22 16:07:32,29.1,29.3,29.4,0,維持
2026/7/22 16:07:33,29.1,29.3,29.4,0,維持
2026/7/22 16:07:34,29.1,29.3,29.5,100,製冷
2026/7/22 16:07:35,29.1,29.3,29.5,100,製冷
2026/7/22 16:07:36,29.1,29.3,29.5,100,製冷
2026/7/22 16:07:37,29.1,29.3,29.5,100,製冷
2026/7/22 16:07:38,29.3,29.3,29.5,100,製冷
2026/7/22 16:07:39,29.3,29.3,29.5,100,製冷
2026/7/22 16:07:40,29.3,29.3,29.5,100,製冷
2026/7/22 16:07:41,29.3,29.3,29.5,100,製冷
2026/7/22 16:07:42,29.3,29.4,29.6,100,製冷
2026/7/22 16:07:43,29.3,29.4,29.6,100,製冷
2026/7/22 16:07:44,29.3,29.4,29.6,100,製冷
2026/7/22 16:07:45,29.3,29.4,29.6,100,製冷
2026/7/22 16:07:46,29.4,29.4,29.6,100,製冷
2026/7/22 16:07:47,29.4,29.4,29.6,100,製冷
2026/7/22 16:07:48,29.4,29.4,29.6,100,製冷
2026/7/22 16:07:49,29.4,29.4,29.6,100,製冷
2026/7/22 16:07:50,29.4,29.5,29.8,100,製冷
2026/7/22 16:07:51,29.4,29.5,29.8,100,製冷
2026/7/22 16:07:52,29.4,29.5,29.8,100,製冷
2026/7/22 16:07:53,29.4,29.5,29.8,100,製冷
2026/7/22 16:07:54,29.4,29.5,29.8,100,製冷
2026/7/22 16:07:55,29.4,29.5,29.8,100,製冷
2026/7/22 16:07:56,29.4,29.5,29.8,100,製冷
2026/7/22 16:07:57,29.4,29.5,29.8,100,製冷
2026/7/22 16:07:58,29.5,29.5,29.8,100,製冷
2026/7/22 16:07:59,29.5,29.5,29.8,100,製冷
2026/7/22 16:08:00,29.5,29.5,29.8,100,製冷
2026/7/22 16:08:01,29.5,29.5,29.8,100,製冷
2026/7/22 16:08:02,29.5,29.6,29.8,100,製冷
2026/7/22 16:08:03,29.5,29.6,29.8,100,製冷
2026/7/22 16:08:04,29.5,29.6,29.8,100,製冷
2026/7/22 16:08:05,29.5,29.6,29.8,100,製冷
2026/7/22 16:08:06,29.5,29.5,29.8,100,製冷
2026/7/22 16:08:07,29.5,29.5,29.8,100,製冷
2026/7/22 16:08:08,29.5,29.5,29.8,100,製冷
2026/7/22 16:08:09,29.5,29.5,29.8,100,製冷
2026/7/22 16:08:10,29.5,29.5,29.8,100,製冷
2026/7/22 16:08:11,29.5,29.5,29.8,100,製冷
2026/7/22 16:08:12,29.5,29.5,29.8,100,製冷
2026/7/22 16:08:13,29.5,29.5,29.8,100,製冷
2026/7/22 16:08:14,29.5,29.5,29.8,100,製冷
2026/7/22 16:08:15,29.5,29.5,29.8,100,製冷
2026/7/22 16:08:16,29.5,29.5,29.8,100,製冷
2026/7/22 16:08:17,29.5,29.5,29.8,100,製冷
2026/7/22 16:08:18,29.4,29.4,29.6,100,製冷
2026/7/22 16:08:19,29.4,29.4,29.6,100,製冷
2026/7/22 16:08:20,29.4,29.4,29.6,100,製冷
2026/7/22 16:08:21,29.4,29.4,29.6,100,製冷
2026/7/22 16:08:22,29.4,29.4,29.6,100,製冷
2026/7/22 16:08:23,29.4,29.4,29.6,100,製冷
2026/7/22 16:08:24,29.4,29.4,29.6,100,製冷
2026/7/22 16:08:25,29.4,29.4,29.6,100,製冷
2026/7/22 16:08:26,29.3,29.4,29.5,100,製冷
2026/7/22 16:08:27,29.3,29.4,29.5,100,製冷
2026/7/22 16:08:28,29.3,29.4,29.5,100,製冷
2026/7/22 16:08:29,29.3,29.4,29.5,100,製冷
2026/7/22 16:08:30,29.3,29.3,29.5,100,製冷
2026/7/22 16:08:31,29.3,29.3,29.5,100,製冷
2026/7/22 16:08:32,29.3,29.3,29.5,100,製冷
2026/7/22 16:08:33,29.3,29.3,29.5,100,製冷
2026/7/22 16:08:34,29.3,29.1,29.4,100,製冷
2026/7/22 16:08:35,29.3,29.1,29.4,100,製冷
2026/7/22 16:08:36,29.3,29.1,29.4,100,製冷
2026/7/22 16:08:37,29.3,29.1,29.4,100,製冷
2026/7/22 16:08:38,29.1,29.1,29.4,100,製冷
2026/7/22 16:08:39,29.1,29.1,29.4,100,製冷
2026/7/22 16:08:40,29.1,29.1,29.4,100,製冷
2026/7/22 16:08:41,29.1,29.1,29.4,100,製冷
2026/7/22 16:08:42,29.0,29.0,29.3,100,製冷
2026/7/22 16:08:43,29.0,29.0,29.3,100,製冷
2026/7/22 16:08:44,29.0,29.0,29.3,100,製冷
2026/7/22 16:08:45,29.0,29.0,29.3,100,製冷
2026/7/22 16:08:46,29.0,29.0,29.3,100,製冷
2026/7/22 16:08:47,29.0,29.0,29.3,100,製冷
2026/7/22 16:08:48,29.0,29.0,29.3,100,製冷
2026/7/22 16:08:49,29.0,29.0,29.3,100,製冷
2026/7/22 16:08:50,28.9,28.9,29.1,100,製冷
2026/7/22 16:08:51,28.9,28.9,29.1,100,製冷
2026/7/22 16:08:52,28.9,28.9,29.1,100,製冷
2026/7/22 16:08:53,28.9,28.9,29.1,100,製冷
2026/7/22 16:08:54,28.8,28.8,29.0,100,製冷
2026/7/22 16:08:55,28.8,28.8,29.0,100,製冷
2026/7/22 16:08:56,28.8,28.8,29.0,100,製冷
2026/7/22 16:08:57,28.8,28.8,29.0,100,製冷
2026/7/22 16:08:58,28.6,28.8,29.0,100,製冷
2026/7/22 16:08:59,28.6,28.8,29.0,100,製冷
2026/7/22 16:09:00,28.6,28.8,29.0,100,製冷
2026/7/22 16:09:01,28.6,28.8,29.0,100,製冷
2026/7/22 16:09:02,28.6,28.6,28.9,100,製冷
2026/7/22 16:09:03,28.6,28.6,28.9,100,製冷
2026/7/22 16:09:04,28.6,28.6,28.9,100,製冷
2026/7/22 16:09:05,28.6,28.6,28.9,100,製冷
2026/7/22 16:09:06,28.5,28.5,28.8,100,製冷
2026/7/22 16:09:07,28.5,28.5,28.8,100,製冷
2026/7/22 16:09:08,28.5,28.5,28.8,100,製冷
2026/7/22 16:09:09,28.5,28.5,28.8,100,製冷
2026/7/22 16:09:10,28.4,28.4,28.8,100,製冷
2026/7/22 16:09:11,28.4,28.4,28.8,100,製冷
2026/7/22 16:09:12,28.4,28.4,28.8,100,製冷
2026/7/22 16:09:13,28.4,28.4,28.8,100,製冷
2026/7/22 16:09:14,28.4,28.4,28.6,100,製冷
2026/7/22 16:09:15,28.4,28.4,28.6,100,製冷
2026/7/22 16:09:16,28.4,28.4,28.6,100,製冷
2026/7/22 16:09:17,28.4,28.4,28.6,100,製冷
2026/7/22 16:09:18,28.3,28.3,28.5,100,製冷
2026/7/22 16:09:19,28.3,28.3,28.5,100,製冷
2026/7/22 16:09:20,28.3,28.3,28.5,100,製冷
2026/7/22 16:09:21,28.3,28.3,28.5,100,製冷
2026/7/22 16:09:22,28.1,28.3,28.5,100,製冷
2026/7/22 16:09:23,28.1,28.3,28.5,100,製冷
2026/7/22 16:09:24,28.1,28.3,28.5,100,製冷
2026/7/22 16:09:25,28.1,28.3,28.5,100,製冷
2026/7/22 16:09:26,28.1,28.1,28.4,100,製冷
2026/7/22 16:09:27,28.1,28.1,28.4,100,製冷
2026/7/22 16:09:28,28.1,28.1,28.4,100,製冷
2026/7/22 16:09:29,28.1,28.1,28.4,100,製冷
2026/7/22 16:09:30,28.0,28.0,28.3,100,製冷
2026/7/22 16:09:31,28.0,28.0,28.3,100,製冷
2026/7/22 16:09:32,28.0,28.0,28.3,100,製冷
2026/7/22 16:09:33,28.0,28.0,28.3,100,製冷
2026/7/22 16:09:34,27.9,28.0,28.1,100,製冷
2026/7/22 16:09:35,27.9,28.0,28.1,100,製冷
2026/7/22 16:09:36,27.9,28.0,28.1,100,製冷
2026/7/22 16:09:37,27.9,28.0,28.1,100,製冷
2026/7/22 16:09:38,27.9,27.9,28.1,100,製冷
2026/7/22 16:09:39,27.9,27.9,28.1,100,製冷
2026/7/22 16:09:40,27.9,27.9,28.1,100,製冷
2026/7/22 16:09:41,27.9,27.9,28.1,100,製冷
2026/7/22 16:09:42,27.8,27.8,28.0,100,製冷
2026/7/22 16:09:43,27.8,27.8,28.0,100,製冷
2026/7/22 16:09:44,27.8,27.8,28.0,100,製冷
2026/7/22 16:09:45,27.8,27.8,28.0,100,製冷
2026/7/22 16:09:46,27.8,27.8,28.0,100,製冷
2026/7/22 16:09:47,27.8,27.8,28.0,100,製冷
2026/7/22 16:09:48,27.8,27.8,28.0,100,製冷
2026/7/22 16:09:49,27.8,27.8,28.0,100,製冷
2026/7/22 16:09:50,27.6,27.6,27.9,100,製冷
2026/7/22 16:09:51,27.6,27.6,27.9,100,製冷
2026/7/22 16:09:52,27.6,27.6,27.9,100,製冷
2026/7/22 16:09:53,27.6,27.6,27.9,100,製冷
2026/7/22 16:09:54,27.5,27.6,27.8,100,製冷
2026/7/22 16:09:55,27.5,27.6,27.8,100,製冷
2026/7/22 16:09:56,27.5,27.6,27.8,100,製冷
2026/7/22 16:09:57,27.5,27.6,27.8,100,製冷
2026/7/22 16:09:58,27.5,27.5,27.8,100,製冷
2026/7/22 16:09:59,27.5,27.5,27.8,100,製冷
2026/7/22 16:10:00,27.5,27.5,27.8,100,製冷
2026/7/22 16:10:01,27.5,27.5,27.8,100,製冷
2026/7/22 16:10:02,27.4,27.5,27.6,100,製冷
2026/7/22 16:10:03,27.4,27.5,27.6,100,製冷
2026/7/22 16:10:04,27.4,27.5,27.6,100,製冷
2026/7/22 16:10:05,27.4,27.5,27.6,100,製冷
2026/7/22 16:10:06,27.3,27.4,27.6,100,製冷
2026/7/22 16:10:07,27.3,27.4,27.6,100,製冷
2026/7/22 16:10:08,27.3,27.4,27.6,100,製冷
2026/7/22 16:10:09,27.3,27.4,27.6,100,製冷
2026/7/22 16:10:10,27.3,27.4,27.5,100,製冷
2026/7/22 16:10:11,27.3,27.4,27.5,100,製冷
2026/7/22 16:10:12,27.3,27.4,27.5,100,製冷
2026/7/22 16:10:13,27.3,27.4,27.5,100,製冷
2026/7/22 16:10:14,27.1,27.3,27.5,100,製冷
2026/7/22 16:10:15,27.1,27.3,27.5,100,製冷
2026/7/22 16:10:16,27.1,27.3,27.5,100,製冷
2026/7/22 16:10:17,27.1,27.3,27.5,100,製冷
2026/7/22 16:10:18,27.1,27.1,27.4,100,製冷
2026/7/22 16:10:19,27.1,27.1,27.4,100,製冷
2026/7/22 16:10:20,27.1,27.1,27.4,100,製冷
2026/7/22 16:10:21,27.1,27.1,27.4,100,製冷
2026/7/22 16:10:22,27.0,27.1,27.4,100,製冷
2026/7/22 16:10:23,27.0,27.1,27.4,100,製冷
2026/7/22 16:10:24,27.0,27.1,27.4,100,製冷
2026/7/22 16:10:25,27.0,27.1,27.4,100,製冷
2026/7/22 16:10:26,27.0,27.1,27.1,100,製冷
2026/7/22 16:10:27,27.0,27.1,27.1,100,製冷
2026/7/22 16:10:28,27.0,27.1,27.1,100,製冷
2026/7/22 16:10:29,27.0,27.1,27.1,100,製冷
2026/7/22 16:10:30,26.9,27.0,27.1,100,製冷
2026/7/22 16:10:31,26.9,27.0,27.1,100,製冷
2026/7/22 16:10:32,26.9,27.0,27.1,100,製冷
2026/7/22 16:10:33,26.9,27.0,27.1,100,製冷
2026/7/22 16:10:34,26.9,27.0,27.1,100,製冷
2026/7/22 16:10:35,26.9,27.0,27.1,100,製冷
2026/7/22 16:10:36,26.9,27.0,27.1,100,製冷
2026/7/22 16:10:37,26.9,27.0,27.1,100,製冷
2026/7/22 16:10:38,26.9,26.9,27.0,100,製冷
2026/7/22 16:10:39,26.9,26.9,27.0,100,製冷
2026/7/22 16:10:40,26.9,26.9,27.0,100,製冷
2026/7/22 16:10:41,26.9,26.9,27.0,100,製冷
2026/7/22 16:10:42,26.8,26.9,27.0,100,製冷
2026/7/22 16:10:43,26.8,26.9,27.0,100,製冷
2026/7/22 16:10:44,26.8,26.9,27.0,100,製冷
2026/7/22 16:10:45,26.8,26.9,27.0,100,製冷
2026/7/22 16:10:46,26.6,26.8,26.9,100,製冷
2026/7/22 16:10:47,26.6,26.8,26.9,100,製冷
2026/7/22 16:10:48,26.6,26.8,26.9,100,製冷
2026/7/22 16:10:49,26.6,26.8,26.9,100,製冷
2026/7/22 16:10:50,26.6,26.8,26.9,100,製冷
2026/7/22 16:10:51,26.6,26.8,26.9,100,製冷
2026/7/22 16:10:52,26.6,26.8,26.9,100,製冷
2026/7/22 16:10:53,26.6,26.8,26.9,100,製冷
2026/7/22 16:10:54,26.5,26.6,26.9,100,製冷
2026/7/22 16:10:55,26.5,26.6,26.9,100,製冷
2026/7/22 16:10:56,26.5,26.6,26.9,100,製冷
2026/7/22 16:10:57,26.5,26.6,26.9,100,製冷
2026/7/22 16:10:58,26.5,26.6,26.8,100,製冷
2026/7/22 16:10:59,26.5,26.6,26.8,100,製冷
2026/7/22 16:11:00,26.5,26.6,26.8,100,製冷
2026/7/22 16:11:02,26.5,26.6,26.8,100,製冷
2026/7/22 16:11:02,26.5,26.5,26.8,100,製冷
2026/7/22 16:11:03,26.5,26.5,26.8,100,製冷
2026/7/22 16:11:04,26.5,26.5,26.8,100,製冷
2026/7/22 16:11:05,26.5,26.5,26.8,100,製冷
2026/7/22 16:11:06,26.4,26.5,26.6,100,製冷
2026/7/22 16:11:07,26.4,26.5,26.6,100,製冷
2026/7/22 16:11:08,26.4,26.5,26.6,100,製冷
2026/7/22 16:11:09,26.4,26.5,26.6,100,製冷
2026/7/22 16:11:10,26.4,26.4,26.6,100,製冷
2026/7/22 16:11:11,26.4,26.4,26.6,100,製冷
2026/7/22 16:11:12,26.4,26.4,26.6,100,製冷
2026/7/22 16:11:13,26.4,26.4,26.6,100,製冷
2026/7/22 16:11:14,26.3,26.4,26.6,100,製冷
2026/7/22 16:11:15,26.3,26.4,26.6,100,製冷
2026/7/22 16:11:16,26.3,26.4,26.6,100,製冷
2026/7/22 16:11:17,26.3,26.4,26.6,100,製冷
2026/7/22 16:11:18,26.3,26.4,26.5,100,製冷
2026/7/22 16:11:19,26.3,26.4,26.5,100,製冷
2026/7/22 16:11:20,26.3,26.4,26.5,100,製冷
2026/7/22 16:11:21,26.3,26.4,26.5,100,製冷
2026/7/22 16:11:22,26.3,26.3,26.5,100,製冷
2026/7/22 16:11:23,26.3,26.3,26.5,100,製冷
2026/7/22 16:11:24,26.3,26.3,26.5,100,製冷
2026/7/22 16:11:25,26.3,26.3,26.5,100,製冷
2026/7/22 16:11:26,26.3,26.3,26.4,100,製冷
2026/7/22 16:11:27,26.3,26.3,26.4,100,製冷
2026/7/22 16:11:28,26.3,26.3,26.4,100,製冷
2026/7/22 16:11:29,26.3,26.3,26.4,100,製冷
2026/7/22 16:11:30,26.1,26.3,26.4,100,製冷
2026/7/22 16:11:31,26.1,26.3,26.4,100,製冷
2026/7/22 16:11:32,26.1,26.3,26.4,100,製冷
2026/7/22 16:11:33,26.1,26.3,26.4,100,製冷
2026/7/22 16:11:34,26.1,26.3,26.4,100,製冷
2026/7/22 16:11:35,26.1,26.3,26.4,100,製冷
2026/7/22 16:11:36,26.1,26.3,26.4,100,製冷
2026/7/22 16:11:37,26.1,26.3,26.4,100,製冷
2026/7/22 16:11:38,26.0,26.1,26.3,100,製冷
2026/7/22 16:11:39,26.0,26.1,26.3,100,製冷
2026/7/22 16:11:40,26.0,26.1,26.3,100,製冷
2026/7/22 16:11:41,26.0,26.1,26.3,100,製冷
2026/7/22 16:11:42,26.0,26.1,26.3,100,製冷
2026/7/22 16:11:43,26.0,26.1,26.3,100,製冷
2026/7/22 16:11:44,26.0,26.1,26.3,100,製冷
2026/7/22 16:11:45,26.0,26.1,26.3,100,製冷
2026/7/22 16:11:46,26.0,26.1,26.3,100,製冷
2026/7/22 16:11:47,26.0,26.1,26.3,100,製冷
2026/7/22 16:11:48,26.0,26.1,26.3,100,製冷
2026/7/22 16:11:49,26.0,26.1,26.3,100,製冷
2026/7/22 16:11:50,25.9,26.0,26.1,100,製冷
2026/7/22 16:11:51,25.9,26.0,26.1,100,製冷
2026/7/22 16:11:52,25.9,26.0,26.1,100,製冷
2026/7/22 16:11:53,25.9,26.0,26.1,100,製冷
2026/7/22 16:11:54,25.9,26.0,26.1,100,製冷
2026/7/22 16:11:55,25.9,26.0,26.1,100,製冷
2026/7/22 16:11:56,25.9,26.0,26.1,100,製冷
2026/7/22 16:11:57,25.9,26.0,26.1,100,製冷
2026/7/22 16:11:58,25.8,26.0,26.1,100,製冷
2026/7/22 16:11:59,25.8,26.0,26.1,100,製冷
2026/7/22 16:12:00,25.8,26.0,26.1,100,製冷
2026/7/22 16:12:01,25.8,26.0,26.1,100,製冷
2026/7/22 16:12:02,25.8,25.9,26.0,100,製冷
2026/7/22 16:12:03,25.8,25.9,26.0,100,製冷
2026/7/22 16:12:04,25.8,25.9,26.0,100,製冷
2026/7/22 16:12:05,25.8,25.9,26.0,100,製冷
2026/7/22 16:12:06,25.8,25.9,26.0,100,製冷
2026/7/22 16:12:07,25.8,25.9,26.0,100,製冷
2026/7/22 16:12:08,25.8,25.9,26.0,100,製冷
2026/7/22 16:12:09,25.8,25.9,26.0,100,製冷
2026/7/22 16:12:10,25.8,25.9,26.0,100,製冷
2026/7/22 16:12:11,25.8,25.9,26.0,100,製冷
2026/7/22 16:12:12,25.8,25.9,26.0,100,製冷
2026/7/22 16:12:13,25.8,25.9,26.0,100,製冷
2026/7/22 16:12:14,25.6,25.9,26.0,100,製冷
2026/7/22 16:12:15,25.6,25.9,26.0,100,製冷
2026/7/22 16:12:16,25.6,25.9,26.0,100,製冷
2026/7/22 16:12:17,25.6,25.9,26.0,100,製冷
2026/7/22 16:12:18,25.6,25.8,25.9,100,製冷
2026/7/22 16:12:19,25.6,25.8,25.9,100,製冷
2026/7/22 16:12:20,25.6,25.8,25.9,100,製冷
2026/7/22 16:12:21,25.6,25.8,25.9,100,製冷
2026/7/22 16:12:22,25.6,25.8,25.9,100,製冷
2026/7/22 16:12:23,25.6,25.8,25.9,100,製冷
2026/7/22 16:12:24,25.6,25.8,25.9,100,製冷
2026/7/22 16:12:25,25.6,25.8,25.9,100,製冷
2026/7/22 16:12:26,25.5,25.8,25.9,100,製冷
2026/7/22 16:12:27,25.5,25.8,25.9,100,製冷
2026/7/22 16:12:28,25.5,25.8,25.9,100,製冷
2026/7/22 16:12:29,25.5,25.8,25.9,100,製冷
2026/7/22 16:12:30,25.5,25.6,25.9,100,製冷
2026/7/22 16:12:31,25.5,25.6,25.9,100,製冷
2026/7/22 16:12:32,25.5,25.6,25.9,100,製冷
2026/7/22 16:12:33,25.5,25.6,25.9,100,製冷
2026/7/22 16:12:34,25.5,25.6,25.8,100,製冷
2026/7/22 16:12:35,25.5,25.6,25.8,100,製冷
2026/7/22 16:12:36,25.5,25.6,25.8,100,製冷
2026/7/22 16:12:37,25.5,25.6,25.8,100,製冷
2026/7/22 16:12:38,25.4,25.6,25.8,100,製冷
2026/7/22 16:12:39,25.4,25.6,25.8,100,製冷
2026/7/22 16:12:40,25.4,25.6,25.8,100,製冷
2026/7/22 16:12:41,25.4,25.6,25.8,100,製冷
2026/7/22 16:12:42,25.5,25.6,25.8,100,製冷
2026/7/22 16:12:43,25.5,25.6,25.8,100,製冷
2026/7/22 16:12:44,25.5,25.6,25.8,100,製冷
2026/7/22 16:12:45,25.5,25.6,25.8,100,製冷
2026/7/22 16:12:46,25.4,25.5,25.8,100,製冷
2026/7/22 16:12:47,25.4,25.5,25.8,100,製冷
2026/7/22 16:12:48,25.4,25.5,25.8,100,製冷
2026/7/22 16:12:49,25.4,25.5,25.8,100,製冷
2026/7/22 16:12:50,25.4,25.5,25.8,100,製冷
2026/7/22 16:12:51,25.4,25.5,25.8,100,製冷
2026/7/22 16:12:52,25.4,25.5,25.8,100,製冷
2026/7/22 16:12:53,25.4,25.5,25.8,100,製冷
2026/7/22 16:12:54,25.4,25.5,25.6,100,製冷
2026/7/22 16:12:55,25.4,25.5,25.6,100,製冷
2026/7/22 16:12:56,25.4,25.5,25.6,100,製冷
2026/7/22 16:12:57,25.4,25.5,25.6,100,製冷
2026/7/22 16:12:58,25.4,25.5,25.6,100,製冷
2026/7/22 16:12:59,25.4,25.5,25.6,100,製冷
2026/7/22 16:13:00,25.4,25.5,25.6,100,製冷
2026/7/22 16:13:01,25.4,25.5,25.6,100,製冷
2026/7/22 16:13:02,25.4,25.4,25.6,100,製冷
2026/7/22 16:13:03,25.4,25.4,25.6,100,製冷
2026/7/22 16:13:04,25.4,25.4,25.6,100,製冷
2026/7/22 16:13:05,25.4,25.4,25.6,100,製冷
2026/7/22 16:13:06,25.3,25.4,25.6,100,製冷
2026/7/22 16:13:07,25.3,25.4,25.6,100,製冷
2026/7/22 16:13:08,25.3,25.4,25.6,100,製冷
2026/7/22 16:13:09,25.3,25.4,25.6,100,製冷
2026/7/22 16:13:10,25.3,25.4,25.5,100,製冷
2026/7/22 16:13:11,25.3,25.4,25.5,100,製冷
2026/7/22 16:13:12,25.3,25.4,25.5,100,製冷
2026/7/22 16:13:13,25.3,25.4,25.5,100,製冷
2026/7/22 16:13:14,25.3,25.4,25.5,100,製冷
2026/7/22 16:13:15,25.3,25.4,25.5,100,製冷
2026/7/22 16:13:16,25.3,25.4,25.5,100,製冷
2026/7/22 16:13:17,25.3,25.4,25.5,100,製冷
2026/7/22 16:13:18,25.3,25.4,25.5,100,製冷
2026/7/22 16:13:19,25.3,25.4,25.5,100,製冷
2026/7/22 16:13:20,25.3,25.4,25.5,100,製冷
2026/7/22 16:13:21,25.3,25.4,25.5,100,製冷
2026/7/22 16:13:22,25.1,25.4,25.5,100,製冷
2026/7/22 16:13:23,25.1,25.4,25.5,100,製冷
2026/7/22 16:13:24,25.1,25.4,25.5,100,製冷
2026/7/22 16:13:25,25.1,25.4,25.5,100,製冷
2026/7/22 16:13:26,25.1,25.3,25.5,100,製冷
2026/7/22 16:13:27,25.1,25.3,25.5,100,製冷
2026/7/22 16:13:28,25.1,25.3,25.5,100,製冷
2026/7/22 16:13:29,25.1,25.3,25.5,100,製冷
2026/7/22 16:13:30,25.1,25.3,25.4,100,製冷
2026/7/22 16:13:31,25.1,25.3,25.4,100,製冷
2026/7/22 16:13:32,25.1,25.3,25.4,100,製冷
2026/7/22 16:13:33,25.1,25.3,25.4,100,製冷
2026/7/22 16:13:34,25.1,25.3,25.4,100,製冷
2026/7/22 16:13:35,25.1,25.3,25.4,100,製冷
2026/7/22 16:13:36,25.1,25.3,25.4,100,製冷
2026/7/22 16:13:37,25.1,25.3,25.4,100,製冷
2026/7/22 16:13:38,25.1,25.3,25.4,100,製冷
2026/7/22 16:13:39,25.1,25.3,25.4,100,製冷
2026/7/22 16:13:40,25.1,25.3,25.4,100,製冷
2026/7/22 16:13:41,25.1,25.3,25.4,100,製冷
2026/7/22 16:13:42,25.0,25.1,25.4,100,製冷
2026/7/22 16:13:43,25.0,25.1,25.4,100,製冷
2026/7/22 16:13:44,25.0,25.1,25.4,100,製冷
2026/7/22 16:13:45,25.0,25.1,25.4,100,製冷
2026/7/22 16:13:46,25.0,25.3,25.4,100,製冷
2026/7/22 16:13:47,25.0,25.3,25.4,100,製冷
2026/7/22 16:13:48,25.0,25.3,25.4,100,製冷
2026/7/22 16:13:49,25.0,25.3,25.4,100,製冷
2026/7/22 16:13:50,25.0,25.1,25.4,100,製冷
2026/7/22 16:13:51,25.0,25.1,25.4,100,製冷
2026/7/22 16:13:52,25.0,25.1,25.4,100,製冷
2026/7/22 16:13:53,25.0,25.1,25.4,100,製冷
2026/7/22 16:13:54,25.0,25.1,25.3,100,製冷
2026/7/22 16:13:55,25.0,25.1,25.3,100,製冷
2026/7/22 16:13:56,25.0,25.1,25.3,100,製冷
2026/7/22 16:13:57,25.0,25.1,25.3,100,製冷
2026/7/22 16:13:58,25.0,25.1,25.3,100,製冷
2026/7/22 16:13:59,25.0,25.1,25.3,100,製冷
2026/7/22 16:14:00,25.0,25.1,25.3,100,製冷
2026/7/22 16:14:01,25.0,25.1,25.3,100,製冷
2026/7/22 16:14:02,25.0,25.1,25.3,100,製冷
2026/7/22 16:14:03,25.0,25.1,25.3,100,製冷
2026/7/22 16:14:04,25.0,25.1,25.3,100,製冷
2026/7/22 16:14:05,25.0,25.1,25.3,100,製冷
2026/7/22 16:14:06,25.0,25.1,25.3,100,製冷
2026/7/22 16:14:07,25.0,25.1,25.3,100,製冷
2026/7/22 16:14:08,25.0,25.1,25.3,100,製冷
2026/7/22 16:14:09,25.0,25.1,25.3,100,製冷
2026/7/22 16:14:10,25.0,25.1,25.3,100,製冷
2026/7/22 16:14:11,25.0,25.1,25.3,100,製冷
2026/7/22 16:14:12,25.0,25.1,25.3,100,製冷
2026/7/22 16:14:13,25.0,25.1,25.3,100,製冷
2026/7/22 16:14:14,25.0,25.0,25.3,100,製冷
2026/7/22 16:14:15,25.0,25.0,25.3,100,製冷
2026/7/22 16:14:16,25.0,25.0,25.3,100,製冷
2026/7/22 16:14:17,25.0,25.0,25.3,100,製冷
2026/7/22 16:14:18,24.9,25.0,25.3,100,製冷
2026/7/22 16:14:19,24.9,25.0,25.3,100,製冷
2026/7/22 16:14:20,24.9,25.0,25.3,100,製冷
2026/7/22 16:14:21,24.9,25.0,25.3,100,製冷
2026/7/22 16:14:22,24.9,25.0,25.3,100,製冷
2026/7/22 16:14:23,24.9,25.0,25.3,100,製冷
2026/7/22 16:14:24,24.9,25.0,25.3,100,製冷
2026/7/22 16:14:25,24.9,25.0,25.3,100,製冷
2026/7/22 16:14:26,24.9,25.0,25.3,100,製冷
2026/7/22 16:14:27,24.9,25.0,25.3,100,製冷
2026/7/22 16:14:28,24.9,25.0,25.3,100,製冷
2026/7/22 16:14:29,24.9,25.0,25.3,100,製冷
2026/7/22 16:14:30,24.9,25.0,25.1,100,製冷
2026/7/22 16:14:31,24.9,25.0,25.1,100,製冷
2026/7/22 16:14:32,24.9,25.0,25.1,100,製冷
2026/7/22 16:14:33,24.9,25.0,25.1,100,製冷
2026/7/22 16:14:34,24.9,25.0,25.1,100,製冷
2026/7/22 16:14:35,24.9,25.0,25.1,100,製冷
2026/7/22 16:14:36,24.9,25.0,25.1,100,製冷
2026/7/22 16:14:37,24.9,25.0,25.1,100,製冷
2026/7/22 16:14:38,24.9,25.0,25.1,100,製冷
2026/7/22 16:14:39,24.9,25.0,25.1,100,製冷
2026/7/22 16:14:40,24.9,25.0,25.1,100,製冷
2026/7/22 16:14:41,24.9,25.0,25.1,100,製冷
2026/7/22 16:14:42,24.9,24.9,25.1,100,製冷
2026/7/22 16:14:43,24.9,24.9,25.1,100,製冷
2026/7/22 16:14:44,24.9,24.9,25.1,100,製冷
2026/7/22 16:14:45,24.9,24.9,25.1,100,製冷
2026/7/22 16:14:46,24.9,25.0,25.1,100,製冷
2026/7/22 16:14:47,24.9,25.0,25.1,100,製冷
2026/7/22 16:14:48,24.9,25.0,25.1,100,製冷
2026/7/22 16:14:49,24.9,25.0,25.1,100,製冷
2026/7/22 16:14:50,24.9,24.9,25.1,100,製冷
2026/7/22 16:14:51,24.9,24.9,25.1,100,製冷
2026/7/22 16:14:52,24.9,24.9,25.1,100,製冷
2026/7/22 16:14:53,24.9,24.9,25.1,100,製冷
2026/7/22 16:14:54,24.9,24.9,25.1,100,製冷
2026/7/22 16:14:55,24.9,24.9,25.1,100,製冷
2026/7/22 16:14:56,24.9,24.9,25.1,100,製冷
2026/7/22 16:14:57,24.9,24.9,25.1,100,製冷
2026/7/22 16:14:58,24.9,24.9,25.1,100,製冷
2026/7/22 16:14:59,24.9,24.9,25.1,100,製冷
2026/7/22 16:15:00,24.9,24.9,25.1,100,製冷
2026/7/22 16:15:01,24.9,24.9,25.1,100,製冷
2026/7/22 16:15:02,24.9,24.9,25.1,100,製冷
2026/7/22 16:15:03,24.9,24.9,25.1,100,製冷
2026/7/22 16:15:04,24.9,24.9,25.1,100,製冷
2026/7/22 16:15:05,24.9,24.9,25.1,100,製冷
2026/7/22 16:15:06,24.9,24.9,25.1,100,製冷
2026/7/22 16:15:07,24.9,24.9,25.1,100,製冷
2026/7/22 16:15:08,24.9,24.9,25.1,100,製冷
2026/7/22 16:15:09,24.9,24.9,25.1,100,製冷
2026/7/22 16:15:10,24.9,24.9,25.1,100,製冷
2026/7/22 16:15:11,24.9,24.9,25.1,100,製冷
2026/7/22 16:15:12,24.9,24.9,25.1,100,製冷
2026/7/22 16:15:13,24.9,24.9,25.1,100,製冷
2026/7/22 16:15:14,24.8,24.9,25.1,100,製冷
2026/7/22 16:15:15,24.8,24.9,25.1,100,製冷
2026/7/22 16:15:16,24.8,24.9,25.1,100,製冷
2026/7/22 16:15:17,24.8,24.9,25.1,100,製冷
2026/7/22 16:15:18,24.8,24.9,25.1,100,製冷
2026/7/22 16:15:19,24.8,24.9,25.1,100,製冷
2026/7/22 16:15:20,24.8,24.9,25.1,100,製冷
2026/7/22 16:15:21,24.8,24.9,25.1,100,製冷
2026/7/22 16:15:22,24.8,24.9,25.1,100,製冷
2026/7/22 16:15:23,24.8,24.9,25.1,100,製冷
2026/7/22 16:15:24,24.8,24.9,25.1,100,製冷
2026/7/22 16:15:25,24.8,24.9,25.1,100,製冷
2026/7/22 16:15:26,24.8,24.9,25.1,100,製冷
2026/7/22 16:15:27,24.8,24.9,25.1,100,製冷
2026/7/22 16:15:28,24.8,24.9,25.1,100,製冷
2026/7/22 16:15:29,24.8,24.9,25.1,100,製冷
2026/7/22 16:15:30,24.8,24.9,25.1,100,製冷
2026/7/22 16:15:31,24.8,24.9,25.1,100,製冷
2026/7/22 16:15:32,24.8,24.9,25.1,100,製冷
2026/7/22 16:15:33,24.8,24.9,25.1,100,製冷
2026/7/22 16:15:34,24.8,24.9,25.1,100,製冷
2026/7/22 16:15:35,24.8,24.9,25.1,100,製冷
2026/7/22 16:15:36,24.8,24.9,25.1,100,製冷
2026/7/22 16:15:37,24.8,24.9,25.1,100,製冷
2026/7/22 16:15:38,24.8,24.9,25.1,100,製冷
2026/7/22 16:15:39,24.8,24.9,25.1,100,製冷
2026/7/22 16:15:40,24.8,24.9,25.1,100,製冷
2026/7/22 16:15:41,24.8,24.9,25.1,100,製冷
2026/7/22 16:15:42,24.8,24.9,25.1,100,製冷
2026/7/22 16:15:43,24.8,24.9,25.1,100,製冷
2026/7/22 16:15:44,24.8,24.9,25.1,100,製冷
2026/7/22 16:15:45,24.8,24.9,25.1,100,製冷
2026/7/22 16:15:46,24.8,24.9,25.0,100,製冷
2026/7/22 16:15:47,24.8,24.9,25.0,100,製冷
2026/7/22 16:15:48,24.8,24.9,25.0,100,製冷
2026/7/22 16:15:49,24.8,24.9,25.0,100,製冷
2026/7/22 16:15:50,24.8,24.9,25.1,100,製冷
2026/7/22 16:15:51,24.8,24.9,25.1,100,製冷
2026/7/22 16:15:52,24.8,24.9,25.1,100,製冷
2026/7/22 16:15:53,24.8,24.9,25.1,100,製冷
2026/7/22 16:15:54,24.8,24.9,25.0,100,製冷
2026/7/22 16:15:55,24.8,24.9,25.0,100,製冷
2026/7/22 16:15:56,24.8,24.9,25.0,100,製冷
2026/7/22 16:15:57,24.8,24.9,25.0,100,製冷
2026/7/22 16:15:58,24.8,24.9,25.0,100,製冷
2026/7/22 16:15:59,24.8,24.9,25.0,100,製冷
2026/7/22 16:16:00,24.8,24.9,25.0,100,製冷
2026/7/22 16:16:01,24.8,24.9,25.0,100,製冷
2026/7/22 16:16:02,24.8,24.9,25.1,100,製冷
2026/7/22 16:16:03,24.8,24.9,25.1,100,製冷
2026/7/22 16:16:04,24.8,24.9,25.1,100,製冷
2026/7/22 16:16:05,24.8,24.9,25.1,100,製冷
2026/7/22 16:16:06,24.8,24.9,25.1,100,製冷
2026/7/22 16:16:07,24.8,24.9,25.1,100,製冷
2026/7/22 16:16:08,24.8,24.9,25.1,100,製冷
2026/7/22 16:16:09,24.8,24.9,25.1,100,製冷
2026/7/22 16:16:10,24.8,24.9,25.1,100,製冷
2026/7/22 16:16:11,24.8,24.9,25.1,100,製冷
2026/7/22 16:16:12,24.8,24.9,25.1,100,製冷
2026/7/22 16:16:13,24.8,24.9,25.1,100,製冷
2026/7/22 16:16:14,24.9,24.9,25.0,100,製冷
2026/7/22 16:16:15,24.9,24.9,25.0,100,製冷
2026/7/22 16:16:16,24.9,24.9,25.0,100,製冷
2026/7/22 16:16:17,24.9,24.9,25.0,100,製冷
2026/7/22 16:16:18,24.8,24.9,25.0,100,製冷
2026/7/22 16:16:19,24.8,24.9,25.0,100,製冷
2026/7/22 16:16:20,24.8,24.9,25.0,100,製冷
2026/7/22 16:16:21,24.8,24.9,25.0,100,製冷
2026/7/22 16:16:22,24.8,24.9,25.1,100,製冷
2026/7/22 16:16:23,24.8,24.9,25.1,100,製冷
2026/7/22 16:16:24,24.8,24.9,25.1,100,製冷
2026/7/22 16:16:25,24.8,24.9,25.1,100,製冷
2026/7/22 16:16:26,24.8,24.9,25.0,100,製冷
2026/7/22 16:16:27,24.8,24.9,25.0,100,製冷
2026/7/22 16:16:28,24.8,24.9,25.0,100,製冷
2026/7/22 16:16:29,24.8,24.9,25.0,100,製冷
2026/7/22 16:16:30,24.9,24.8,25.0,100,製冷
2026/7/22 16:16:31,24.9,24.8,25.0,100,製冷
2026/7/22 16:16:32,24.9,24.8,25.0,100,製冷
2026/7/22 16:16:33,24.9,24.8,25.0,100,製冷
2026/7/22 16:16:34,24.8,24.9,25.1,100,製冷
2026/7/22 16:16:35,24.8,24.9,25.1,100,製冷
2026/7/22 16:16:36,24.8,24.9,25.1,100,製冷
2026/7/22 16:16:37,24.8,24.9,25.1,100,製冷
2026/7/22 16:16:38,24.8,24.8,25.1,100,製冷
2026/7/22 16:16:39,24.8,24.8,25.1,100,製冷
2026/7/22 16:16:40,24.8,24.8,25.1,100,製冷
2026/7/22 16:16:41,24.8,24.8,25.1,100,製冷
2026/7/22 16:16:42,24.8,24.9,25.1,100,製冷
2026/7/22 16:16:43,24.8,24.9,25.1,100,製冷
2026/7/22 16:16:44,24.8,24.9,25.1,100,製冷
2026/7/22 16:16:45,24.8,24.9,25.1,100,製冷
2026/7/22 16:16:46,24.8,24.8,25.1,100,製冷
2026/7/22 16:16:47,24.8,24.8,25.1,100,製冷
2026/7/22 16:16:48,24.8,24.8,25.1,100,製冷
2026/7/22 16:16:49,24.8,24.8,25.1,100,製冷
2026/7/22 16:16:50,24.8,24.9,25.1,100,製冷
2026/7/22 16:16:51,24.8,24.9,25.1,100,製冷
2026/7/22 16:16:52,24.8,24.9,25.1,100,製冷
2026/7/22 16:16:53,24.8,24.9,25.1,100,製冷
2026/7/22 16:16:54,24.8,24.9,25.1,100,製冷
2026/7/22 16:16:55,24.8,24.9,25.1,100,製冷
2026/7/22 16:16:56,24.8,24.9,25.1,100,製冷
2026/7/22 16:16:57,24.8,24.9,25.1,100,製冷
2026/7/22 16:16:58,24.8,24.8,25.1,100,製冷
2026/7/22 16:16:59,24.8,24.8,25.1,100,製冷
2026/7/22 16:17:00,24.8,24.8,25.1,100,製冷
2026/7/22 16:17:01,24.8,24.8,25.1,100,製冷
2026/7/22 16:17:02,24.8,24.9,25.0,100,製冷
2026/7/22 16:17:03,24.8,24.9,25.0,100,製冷
2026/7/22 16:17:04,24.8,24.9,25.0,100,製冷
2026/7/22 16:17:05,24.8,24.9,25.0,100,製冷
2026/7/22 16:17:06,24.9,24.9,25.1,100,製冷
2026/7/22 16:17:07,24.9,24.9,25.1,100,製冷
2026/7/22 16:17:08,24.9,24.9,25.1,100,製冷
2026/7/22 16:17:09,24.9,24.9,25.1,100,製冷
2026/7/22 16:17:10,24.8,24.9,25.1,100,製冷
2026/7/22 16:17:11,24.8,24.9,25.1,100,製冷
2026/7/22 16:17:12,24.8,24.9,25.1,100,製冷
2026/7/22 16:17:13,24.8,24.9,25.1,100,製冷
2026/7/22 16:17:14,24.8,24.9,25.1,100,製冷
2026/7/22 16:17:15,24.8,24.9,25.1,100,製冷
2026/7/22 16:17:16,24.8,24.9,25.1,100,製冷
2026/7/22 16:17:18,24.8,24.9,25.1,100,製冷
2026/7/22 16:17:18,24.8,24.8,25.1,100,製冷
2026/7/22 16:17:19,24.8,24.8,25.1,100,製冷
2026/7/22 16:17:20,24.8,24.8,25.1,100,製冷
2026/7/22 16:17:21,24.8,24.8,25.1,100,製冷
2026/7/22 16:17:22,24.9,24.9,25.0,100,製冷
2026/7/22 16:17:23,24.9,24.9,25.0,100,製冷
2026/7/22 16:17:24,24.9,24.9,25.0,100,製冷
2026/7/22 16:17:25,24.9,24.9,25.0,100,製冷
2026/7/22 16:17:26,24.8,24.9,25.1,100,製冷
2026/7/22 16:17:27,24.8,24.9,25.1,100,製冷
2026/7/22 16:17:28,24.8,24.9,25.1,100,製冷
2026/7/22 16:17:29,24.8,24.9,25.1,100,製冷
2026/7/22 16:17:30,24.8,24.8,25.1,100,製冷
2026/7/22 16:17:31,24.8,24.8,25.1,100,製冷
2026/7/22 16:17:32,24.8,24.8,25.1,100,製冷
2026/7/22 16:17:33,24.8,24.8,25.1,100,製冷
2026/7/22 16:17:34,24.9,24.9,25.1,100,製冷
2026/7/22 16:17:35,24.9,24.9,25.1,100,製冷
2026/7/22 16:17:36,24.9,24.9,25.1,100,製冷
2026/7/22 16:17:37,24.9,24.9,25.1,100,製冷
2026/7/22 16:17:38,24.9,24.8,25.1,100,製冷