# TEC 蟄眠實驗,,,,,
# 導出時間: 2026/7/24 19:17:26,,,,,
時間,巢穴,活動區,出風口,風扇(%),狀態
2026/7/24 18:31,28.34,27.88,28.09,100,製冷
2026/7/24 18:31,28.34,27.88,28.09,100,製冷
2026/7/24 18:31,28.34,27.88,28.09,78,維持
2026/7/24 18:31,28.33,27.88,28.11,78,維持
2026/7/24 18:31,28.33,27.88,28.11,78,維持
2026/7/24 18:31,28.32,27.88,28.08,78,維持
2026/7/24 18:31,28.32,27.88,28.08,78,維持
2026/7/24 18:31,28.32,27.88,28.08,78,維持
2026/7/24 18:31,28.32,27.88,28.1,0,維持
2026/7/24 18:31,28.32,27.88,28.1,100,製冷
2026/7/24 18:31,28.32,27.88,28.1,100,製冷
2026/7/24 18:31,28.31,27.88,28.11,100,製冷
2026/7/24 18:31,28.31,27.88,28.11,100,製冷
2026/7/24 18:31,28.31,27.88,28.11,100,製冷
2026/7/24 18:31,28.31,27.88,28.12,100,製冷
2026/7/24 18:31,28.31,27.88,28.12,100,製冷
2026/7/24 18:31,28.31,27.88,28.12,100,製冷
2026/7/24 18:31,28.31,27.88,28.12,100,製冷
2026/7/24 18:31,28.31,27.88,28.12,100,製冷
2026/7/24 18:31,28.31,27.88,28.12,100,製冷
2026/7/24 18:31,28.34,27.91,28.16,100,製冷
2026/7/24 18:31,28.34,27.91,28.16,100,製冷
2026/7/24 18:31,28.34,27.91,28.16,100,製冷
2026/7/24 18:31,28.34,27.91,28.16,100,製冷
2026/7/24 18:31,28.36,27.95,28.23,100,製冷
2026/7/24 18:31,28.36,27.95,28.23,100,製冷
2026/7/24 18:31,28.36,27.95,28.23,100,製冷
2026/7/24 18:31,28.36,27.95,28.23,100,製冷
2026/7/24 18:31,28.4,28.01,28.3,100,製冷
2026/7/24 18:31,28.4,28.01,28.3,100,製冷
2026/7/24 18:31,28.4,28.01,28.3,100,製冷
2026/7/24 18:31,28.4,28.01,28.3,100,製冷
2026/7/24 18:31,28.42,28.1,28.43,100,製冷
2026/7/24 18:31,28.42,28.1,28.43,100,製冷
2026/7/24 18:31,28.42,28.1,28.43,100,製冷
2026/7/24 18:31,28.42,28.1,28.43,100,製冷
2026/7/24 18:31,28.46,28.17,28.53,100,製冷
2026/7/24 18:31,28.46,28.17,28.53,100,加熱
2026/7/24 18:31,28.46,28.17,28.53,100,加熱
2026/7/24 18:31,28.46,28.17,28.53,100,加熱
2026/7/24 18:31,28.51,28.27,28.67,100,加熱
2026/7/24 18:32,28.51,28.27,28.67,100,加熱
2026/7/24 18:32,28.51,28.27,28.67,100,加熱
2026/7/24 18:32,28.51,28.27,28.67,100,加熱
2026/7/24 18:32,28.57,28.39,28.84,100,加熱
2026/7/24 18:32,28.57,28.39,28.84,100,加熱
2026/7/24 18:32,28.57,28.39,28.84,100,加熱
2026/7/24 18:32,28.57,28.39,28.84,100,加熱
2026/7/24 18:32,28.66,28.51,29.01,100,加熱
2026/7/24 18:32,28.66,28.51,29.01,100,加熱
2026/7/24 18:32,28.66,28.51,29.01,100,加熱
2026/7/24 18:32,28.66,28.51,29.01,100,加熱
2026/7/24 18:32,28.74,28.63,29.13,100,加熱
2026/7/24 18:32,28.74,28.63,29.13,100,製冷
2026/7/24 18:32,28.74,28.63,29.13,100,製冷
2026/7/24 18:32,28.74,28.63,29.13,100,製冷
2026/7/24 18:32,28.77,28.72,29.22,100,製冷
2026/7/24 18:32,28.77,28.72,29.22,100,製冷
2026/7/24 18:32,28.77,28.72,29.22,100,製冷
2026/7/24 18:32,28.77,28.72,29.22,100,製冷
2026/7/24 18:32,28.82,28.8,29.3,100,製冷
2026/7/24 18:32,28.82,28.8,29.3,100,製冷
2026/7/24 18:32,28.82,28.8,29.3,100,製冷
2026/7/24 18:32,28.82,28.8,29.3,100,製冷
2026/7/24 18:32,28.88,28.9,29.37,100,製冷
2026/7/24 18:32,28.88,28.9,29.37,100,製冷
2026/7/24 18:32,28.88,28.9,29.37,100,製冷
2026/7/24 18:32,28.88,28.9,29.37,100,製冷
2026/7/24 18:32,28.94,28.95,29.43,100,製冷
2026/7/24 18:32,28.94,28.95,29.43,100,製冷
2026/7/24 18:32,28.94,28.95,29.43,100,製冷
2026/7/24 18:32,28.94,28.95,29.43,100,製冷
2026/7/24 18:32,29,29.04,29.53,100,製冷
2026/7/24 18:32,29,29.04,29.53,100,製冷
2026/7/24 18:32,29,29.04,29.53,100,製冷
2026/7/24 18:32,29,29.04,29.53,100,製冷
2026/7/24 18:32,29.03,29.11,29.61,100,製冷
2026/7/24 18:32,29.03,29.11,29.61,100,製冷
2026/7/24 18:32,29.03,29.11,29.61,100,製冷
2026/7/24 18:32,29.03,29.11,29.61,100,製冷
2026/7/24 18:32,29.11,29.21,29.71,100,製冷
2026/7/24 18:32,29.11,29.21,29.71,100,製冷
2026/7/24 18:32,29.11,29.21,29.71,100,製冷
2026/7/24 18:32,29.11,29.21,29.71,100,製冷
2026/7/24 18:32,29.18,29.32,29.86,100,製冷
2026/7/24 18:32,29.18,29.32,29.86,100,製冷
2026/7/24 18:32,29.18,29.32,29.86,100,製冷
2026/7/24 18:32,29.18,29.32,29.86,100,製冷
2026/7/24 18:32,29.21,29.41,29.99,100,製冷
2026/7/24 18:32,29.21,29.41,29.99,100,製冷
2026/7/24 18:32,29.21,29.41,29.99,100,製冷
2026/7/24 18:32,29.21,29.41,29.99,100,製冷
2026/7/24 18:32,29.26,29.52,30.12,100,製冷
2026/7/24 18:32,29.26,29.52,30.12,100,製冷
2026/7/24 18:32,29.26,29.52,30.12,100,製冷
2026/7/24 18:32,29.26,29.52,30.12,100,製冷
2026/7/24 18:32,29.35,29.6,30.25,100,製冷
2026/7/24 18:32,29.35,29.6,30.25,100,製冷
2026/7/24 18:32,29.35,29.6,30.25,100,製冷
2026/7/24 18:32,29.35,29.6,30.25,100,製冷
2026/7/24 18:32,29.46,29.71,30.37,100,製冷
2026/7/24 18:33,29.46,29.71,30.37,100,製冷
2026/7/24 18:33,29.46,29.71,30.37,100,製冷
2026/7/24 18:33,29.46,29.71,30.37,78,維持
2026/7/24 18:33,29.46,29.71,30.37,78,維持
2026/7/24 18:33,29.54,29.85,30.53,78,維持
2026/7/24 18:33,29.54,29.85,30.53,78,維持
2026/7/24 18:33,29.54,29.85,30.53,78,維持
2026/7/24 18:33,29.54,29.85,30.53,78,維持
2026/7/24 18:33,29.61,29.99,30.64,78,維持
2026/7/24 18:33,29.61,29.99,30.64,100,製冷
2026/7/24 18:33,29.61,29.99,30.64,100,製冷
2026/7/24 18:33,29.61,29.99,30.64,100,製冷
2026/7/24 18:33,29.61,29.99,30.64,100,製冷
2026/7/24 18:33,29.61,29.99,30.64,100,製冷
2026/7/24 18:33,29.68,30.09,30.76,100,製冷
2026/7/24 18:33,29.68,30.09,30.76,100,製冷
2026/7/24 18:33,29.68,30.09,30.76,100,製冷
2026/7/24 18:33,29.68,30.09,30.76,100,製冷
2026/7/24 18:33,29.68,30.09,30.76,100,製冷
2026/7/24 18:33,29.75,30.17,30.88,100,製冷
2026/7/24 18:33,29.75,30.17,30.88,100,製冷
2026/7/24 18:33,29.75,30.17,30.88,100,製冷
2026/7/24 18:33,29.75,30.17,30.88,100,製冷
2026/7/24 18:33,29.84,30.27,30.97,100,製冷
2026/7/24 18:33,29.84,30.27,30.97,100,製冷
2026/7/24 18:33,29.84,30.27,30.97,100,製冷
2026/7/24 18:33,29.84,30.27,30.97,100,製冷
2026/7/24 18:33,29.92,30.39,31.08,100,製冷
2026/7/24 18:33,29.92,30.39,31.08,100,製冷
2026/7/24 18:33,29.92,30.39,31.08,100,製冷
2026/7/24 18:33,29.92,30.39,31.08,100,製冷
2026/7/24 18:33,29.99,30.51,31.2,100,製冷
2026/7/24 18:33,29.99,30.51,31.2,100,製冷
2026/7/24 18:33,29.99,30.51,31.2,100,製冷
2026/7/24 18:33,29.99,30.51,31.2,100,製冷
2026/7/24 18:33,30.09,30.63,31.32,100,製冷
2026/7/24 18:33,30.09,30.63,31.32,100,製冷
2026/7/24 18:33,30.09,30.63,31.32,100,製冷
2026/7/24 18:33,30.09,30.63,31.32,100,製冷
2026/7/24 18:33,30.17,30.75,31.44,100,製冷
2026/7/24 18:33,30.17,30.75,31.44,100,製冷
2026/7/24 18:33,30.17,30.75,31.44,100,製冷
2026/7/24 18:33,30.17,30.75,31.44,100,製冷
2026/7/24 18:33,30.24,30.88,31.56,100,製冷
2026/7/24 18:33,30.24,30.88,31.56,100,製冷
2026/7/24 18:33,30.24,30.88,31.56,100,製冷
2026/7/24 18:33,30.24,30.88,31.56,100,製冷
2026/7/24 18:33,30.21,30.97,31.72,100,製冷
2026/7/24 18:33,30.21,30.97,31.72,100,製冷
2026/7/24 18:33,30.21,30.97,31.72,100,製冷
2026/7/24 18:33,30.21,30.97,31.72,100,製冷
2026/7/24 18:33,30.14,31.08,31.8,100,製冷
2026/7/24 18:33,30.14,31.08,31.8,100,製冷
2026/7/24 18:33,30.14,31.08,31.8,78,維持
2026/7/24 18:33,30.14,31.08,31.8,78,維持
2026/7/24 18:33,30.14,31.08,31.8,78,維持
2026/7/24 18:33,30.04,31.2,31.87,78,維持
2026/7/24 18:33,30.04,31.2,31.87,78,維持
2026/7/24 18:33,30.04,31.2,31.87,78,維持
2026/7/24 18:33,30.04,31.2,31.87,78,維持
2026/7/24 18:33,29.93,31.29,31.93,78,維持
2026/7/24 18:33,29.93,31.29,31.93,78,維持
2026/7/24 18:33,29.93,31.29,31.93,78,維持
2026/7/24 18:33,29.93,31.29,31.93,78,維持
2026/7/24 18:33,29.84,31.36,32,0,維持
2026/7/24 18:34,29.84,31.36,32,0,維持
2026/7/24 18:34,29.84,31.36,32,0,維持
2026/7/24 18:34,29.84,31.36,32,0,維持
2026/7/24 18:34,29.76,31.46,32.03,0,維持
2026/7/24 18:34,29.76,31.46,32.03,0,維持
2026/7/24 18:34,29.76,31.46,32.03,0,維持
2026/7/24 18:34,29.76,31.46,32.03,0,維持
2026/7/24 18:34,29.69,31.51,32.05,0,維持
2026/7/24 18:34,29.69,31.51,32.05,0,維持
2026/7/24 18:34,29.69,31.51,32.05,0,維持
2026/7/24 18:34,29.69,31.51,32.05,0,維持
2026/7/24 18:34,29.63,31.51,32.05,0,維持
2026/7/24 18:34,29.63,31.51,32.05,0,維持
2026/7/24 18:34,29.63,31.51,32.05,0,維持
2026/7/24 18:34,29.63,31.51,32.05,0,維持
2026/7/24 18:48,26.7,26.81,27.73,0,維持
2026/7/24 18:48,26.7,26.81,27.73,0,維持
2026/7/24 18:48,26.7,26.81,27.73,0,維持
2026/7/24 18:48,26.7,26.81,27.73,0,維持
2026/7/24 18:48,26.7,26.81,27.73,0,維持
2026/7/24 18:48,26.7,26.81,27.73,0,維持
2026/7/24 18:48,26.7,26.81,27.73,0,維持
2026/7/24 18:48,26.7,26.81,27.73,0,維持
2026/7/24 18:48,26.7,26.81,27.73,0,維持
2026/7/24 18:48,26.7,26.81,27.73,0,維持
2026/7/24 18:48,26.7,26.81,27.73,0,維持
2026/7/24 18:48,26.7,26.81,27.73,0,維持
2026/7/24 18:48,26.7,26.81,27.73,0,維持
2026/7/24 18:48,26.7,26.81,27.73,0,維持
2026/7/24 18:48,26.7,26.81,27.73,0,維持
2026/7/24 18:48,26.7,26.81,27.73,0,維持
2026/7/24 18:48,26.7,26.81,27.73,0,維持
2026/7/24 18:48,26.7,26.81,27.73,0,維持
2026/7/24 18:48,26.7,26.81,27.73,0,維持
2026/7/24 18:48,26.7,26.81,27.73,0,維持
2026/7/24 18:48,26.7,26.81,27.73,0,維持
2026/7/24 18:48,26.7,26.81,27.73,0,維持
2026/7/24 18:48,26.66,26.81,27.8,0,維持
2026/7/24 18:48,26.66,26.81,27.8,0,維持
2026/7/24 18:48,26.66,26.81,27.8,0,維持
2026/7/24 18:48,26.66,26.81,27.8,0,維持
2026/7/24 18:48,26.66,26.81,27.8,0,維持
2026/7/24 18:48,26.66,26.81,27.8,0,維持
2026/7/24 18:48,26.66,26.81,27.8,0,維持
2026/7/24 18:48,26.66,26.81,27.8,0,維持
2026/7/24 18:48,26.66,26.81,27.8,0,維持
2026/7/24 18:48,26.66,26.81,27.8,0,維持
2026/7/24 18:48,26.66,26.81,27.8,0,維持
2026/7/24 18:48,26.66,26.81,27.8,0,維持
2026/7/24 18:48,26.66,26.81,27.8,0,維持
2026/7/24 18:48,26.66,26.81,27.8,0,維持
2026/7/24 18:48,26.66,26.81,27.8,0,維持
2026/7/24 18:48,26.66,26.81,27.8,0,維持
2026/7/24 18:48,26.66,26.81,27.8,0,維持
2026/7/24 18:48,26.66,26.81,27.8,0,維持
2026/7/24 18:48,26.66,26.81,27.8,0,維持
2026/7/24 18:48,26.66,26.81,27.8,0,維持
2026/7/24 18:48,26.66,26.81,27.8,0,維持
2026/7/24 18:48,26.66,26.81,27.8,0,維持
2026/7/24 18:48,26.66,26.81,27.8,0,維持
2026/7/24 18:48,26.66,26.81,27.8,0,維持
2026/7/24 18:48,26.66,26.81,27.8,0,維持
2026/7/24 18:48,26.64,26.81,27.8,0,維持
2026/7/24 18:48,26.64,26.81,27.8,0,維持
2026/7/24 18:48,26.64,26.81,27.8,0,維持
2026/7/24 18:48,26.64,26.81,27.8,0,維持
2026/7/24 18:48,26.64,26.81,27.8,0,維持
2026/7/24 18:48,26.64,26.81,27.8,0,維持
2026/7/24 18:48,26.64,26.81,27.8,0,維持
2026/7/24 18:48,26.64,26.81,27.8,0,維持
2026/7/24 18:48,26.64,26.81,27.8,100,製冷
2026/7/24 18:48,26.64,26.81,27.8,100,製冷
2026/7/24 18:48,26.64,26.81,27.8,100,製冷
2026/7/24 18:48,26.63,26.81,27.81,100,製冷
2026/7/24 18:48,26.63,26.81,27.81,100,製冷
2026/7/24 18:48,26.63,26.81,27.81,100,製冷
2026/7/24 18:48,26.63,26.81,27.81,100,製冷
2026/7/24 18:48,26.63,26.81,27.81,100,製冷
2026/7/24 18:48,26.63,26.81,27.81,100,製冷
2026/7/24 18:48,26.63,26.81,27.81,100,製冷
2026/7/24 18:48,26.63,26.81,27.81,100,製冷
2026/7/24 18:48,26.63,26.81,27.81,78,維持
2026/7/24 18:48,26.63,26.81,27.81,78,維持
2026/7/24 18:48,26.63,26.81,27.81,78,維持
2026/7/24 18:48,26.63,26.81,27.81,78,維持
2026/7/24 18:48,26.63,26.81,27.81,78,維持
2026/7/24 18:48,26.63,26.81,27.81,78,維持
2026/7/24 18:48,26.63,26.78,27.81,78,維持
2026/7/24 18:48,26.63,26.78,27.81,78,維持
2026/7/24 18:48,26.63,26.78,27.81,78,維持
2026/7/24 18:48,26.63,26.78,27.81,78,維持
2026/7/24 18:48,26.63,26.77,28.37,78,維持
2026/7/24 18:48,26.63,26.77,28.37,0,維持
2026/7/24 18:48,26.63,26.77,28.37,0,維持
2026/7/24 18:48,26.63,26.77,28.37,0,維持
2026/7/24 18:48,26.63,26.76,29.44,0,維持
2026/7/24 18:48,26.63,26.76,29.44,0,維持
2026/7/24 18:48,26.63,26.76,29.44,0,維持
2026/7/24 18:48,26.63,26.76,29.44,0,維持
2026/7/24 18:49,26.59,26.75,30.16,0,維持
2026/7/24 18:49,26.59,26.75,30.16,0,維持
2026/7/24 18:49,26.59,26.75,30.16,0,維持
2026/7/24 18:49,26.59,26.75,30.16,0,維持
2026/7/24 18:49,26.58,26.75,30.48,0,維持
2026/7/24 18:49,26.58,26.75,30.48,0,維持
2026/7/24 18:49,26.58,26.75,30.48,0,維持
2026/7/24 18:49,26.58,26.75,30.48,0,維持
2026/7/24 18:49,26.57,26.75,30.59,0,維持
2026/7/24 18:49,26.57,26.75,30.59,0,維持
2026/7/24 18:49,26.57,26.75,30.59,0,維持
2026/7/24 18:49,26.57,26.75,30.59,0,維持
2026/7/24 18:49,26.57,26.72,30.57,0,維持
2026/7/24 18:49,26.57,26.72,30.57,0,維持
2026/7/24 18:49,26.57,26.72,30.57,0,維持
2026/7/24 18:49,26.57,26.72,30.57,0,維持
2026/7/24 18:49,26.56,26.73,30.57,0,維持
2026/7/24 18:49,26.56,26.73,30.57,0,維持
2026/7/24 18:49,26.56,26.73,30.57,0,維持
2026/7/24 18:49,26.56,26.73,30.57,0,維持
2026/7/24 18:49,26.59,26.8,30.53,0,維持
2026/7/24 18:49,26.59,26.8,30.53,0,維持
2026/7/24 18:49,26.59,26.8,30.53,0,維持
2026/7/24 18:49,26.59,26.8,30.53,0,維持
2026/7/24 18:49,27.2,26.84,30.49,0,維持
2026/7/24 18:49,27.2,26.84,30.49,0,維持
2026/7/24 18:49,27.2,26.84,30.49,0,維持
2026/7/24 18:49,27.2,26.84,30.49,0,維持
2026/7/24 18:49,28.16,26.86,30.46,0,維持
2026/7/24 18:49,28.16,26.86,30.46,0,維持
2026/7/24 18:49,28.16,26.86,30.46,0,維持
2026/7/24 18:49,28.16,26.86,30.46,0,維持
2026/7/24 18:49,28.99,26.87,30.42,0,維持
2026/7/24 18:49,28.99,26.87,30.42,0,維持
2026/7/24 18:49,28.99,26.87,30.42,0,維持
2026/7/24 18:49,28.99,26.87,30.42,0,維持
2026/7/24 18:49,29.56,26.87,30.4,0,維持
2026/7/24 18:49,29.56,26.87,30.4,0,維持
2026/7/24 18:49,29.56,26.87,30.4,0,維持
2026/7/24 18:49,29.56,26.87,30.4,0,維持
2026/7/24 18:49,29.9,26.94,30.35,0,維持
2026/7/24 18:49,29.9,26.94,30.35,0,維持
2026/7/24 18:49,29.9,26.94,30.35,0,維持
2026/7/24 18:49,29.9,26.94,30.35,0,維持
2026/7/24 18:49,30.08,27.06,30.33,0,維持
2026/7/24 18:49,30.08,27.06,30.33,0,維持
2026/7/24 18:49,30.08,27.06,30.33,0,維持
2026/7/24 18:49,30.08,27.06,30.33,100,製冷
2026/7/24 18:49,30.08,27.06,30.33,100,製冷
2026/7/24 18:49,30.16,27.28,30.32,100,製冷
2026/7/24 18:49,30.16,27.28,30.32,100,製冷
2026/7/24 18:49,30.16,27.28,30.32,100,製冷
2026/7/24 18:49,30.16,27.28,30.32,100,製冷
2026/7/24 18:49,30.21,27.48,30.29,100,製冷
2026/7/24 18:49,30.21,27.48,30.29,100,製冷
2026/7/24 18:49,30.21,27.48,30.29,100,製冷
2026/7/24 18:49,30.21,27.48,30.29,100,製冷
2026/7/24 18:49,30.2,27.65,30.21,100,製冷
2026/7/24 18:49,30.2,27.65,30.21,100,製冷
2026/7/24 18:49,30.2,27.65,30.21,100,製冷
2026/7/24 18:49,30.2,27.65,30.21,100,製冷
2026/7/24 18:50,30.19,27.79,30.1,100,製冷
2026/7/24 18:50,30.19,27.79,30.1,100,製冷
2026/7/24 18:50,30.19,27.79,30.1,100,製冷
2026/7/24 18:50,30.11,27.95,29.87,100,製冷
2026/7/24 18:50,30.11,27.95,29.87,100,製冷
2026/7/24 18:50,30.11,27.95,29.87,100,製冷
2026/7/24 18:50,30.11,27.95,29.87,100,製冷
2026/7/24 18:50,30.11,27.95,29.87,100,製冷
2026/7/24 18:50,30.11,27.95,29.87,100,製冷
2026/7/24 18:50,30.11,27.95,29.87,100,製冷
2026/7/24 18:50,30.09,28.04,29.75,100,製冷
2026/7/24 18:50,30.09,28.04,29.75,100,製冷
2026/7/24 18:50,30.09,28.04,29.75,100,製冷
2026/7/24 18:50,30.09,28.04,29.75,100,製冷
2026/7/24 18:50,30.04,28.08,29.62,100,製冷
2026/7/24 18:50,30.04,28.08,29.62,100,製冷
2026/7/24 18:50,30.04,28.08,29.62,100,製冷
2026/7/24 18:50,30.04,28.08,29.62,100,製冷
2026/7/24 18:50,29.96,28.1,29.47,100,製冷
2026/7/24 18:50,29.96,28.1,29.47,100,製冷
2026/7/24 18:50,29.96,28.1,29.47,100,製冷
2026/7/24 18:50,29.96,28.1,29.47,100,製冷
2026/7/24 18:50,29.92,28.11,29.33,100,製冷
2026/7/24 18:50,29.92,28.11,29.33,100,製冷
2026/7/24 18:50,29.92,28.11,29.33,100,製冷
2026/7/24 18:50,29.92,28.11,29.33,100,製冷
2026/7/24 18:50,29.86,28.12,29.2,100,製冷
2026/7/24 18:50,29.86,28.12,29.2,100,製冷
2026/7/24 18:50,29.86,28.12,29.2,100,製冷
2026/7/24 18:50,29.86,28.12,29.2,100,製冷
2026/7/24 18:50,29.81,28.12,29.04,100,製冷
2026/7/24 18:50,29.81,28.12,29.04,100,製冷
2026/7/24 18:50,29.81,28.12,29.04,100,製冷
2026/7/24 18:50,29.81,28.12,29.04,100,製冷
2026/7/24 18:50,29.75,28.12,28.89,100,製冷
2026/7/24 18:50,29.75,28.12,28.89,100,製冷
2026/7/24 18:50,29.75,28.12,28.89,100,製冷
2026/7/24 18:50,29.75,28.12,28.89,100,製冷
2026/7/24 18:50,29.65,28.09,28.76,100,製冷
2026/7/24 18:50,29.65,28.09,28.76,100,製冷
2026/7/24 18:50,29.65,28.09,28.76,100,製冷
2026/7/24 18:50,29.65,28.09,28.76,100,製冷
2026/7/24 18:50,29.61,28.08,28.63,100,製冷
2026/7/24 18:50,29.61,28.08,28.63,100,製冷
2026/7/24 18:50,29.61,28.08,28.63,100,製冷
2026/7/24 18:50,29.61,28.08,28.63,100,製冷
2026/7/24 18:50,29.55,28.07,28.5,100,製冷
2026/7/24 18:50,29.55,28.07,28.5,100,製冷
2026/7/24 18:50,29.55,28.07,28.5,100,製冷
2026/7/24 18:50,29.55,28.07,28.5,100,製冷
2026/7/24 18:50,29.5,28.04,28.38,100,製冷
2026/7/24 18:50,29.5,28.04,28.38,100,製冷
2026/7/24 18:50,29.5,28.04,28.38,100,製冷
2026/7/24 18:50,29.5,28.04,28.38,100,製冷
2026/7/24 18:50,29.44,28.02,28.25,100,製冷
2026/7/24 18:50,29.44,28.02,28.25,100,製冷
2026/7/24 18:50,29.44,28.02,28.25,100,製冷
2026/7/24 18:50,29.44,28.02,28.25,100,製冷
2026/7/24 18:51,29.37,27.98,28.13,100,製冷
2026/7/24 18:51,29.37,27.98,28.13,100,製冷
2026/7/24 18:51,29.37,27.98,28.13,100,製冷
2026/7/24 18:51,29.37,27.98,28.13,100,製冷
2026/7/24 18:51,29.31,27.96,28,100,製冷
2026/7/24 18:51,29.31,27.96,28,100,製冷
2026/7/24 18:51,29.31,27.96,28,100,製冷
2026/7/24 18:51,29.31,27.96,28,100,製冷
2026/7/24 18:51,29.25,27.92,27.88,100,製冷
2026/7/24 18:51,29.25,27.92,27.88,100,製冷
2026/7/24 18:51,29.25,27.92,27.88,100,製冷
2026/7/24 18:51,29.25,27.92,27.88,100,製冷
2026/7/24 18:51,29.19,27.9,27.78,100,製冷
2026/7/24 18:51,29.19,27.9,27.78,100,製冷
2026/7/24 18:51,29.19,27.9,27.78,100,製冷
2026/7/24 18:51,29.19,27.9,27.78,100,製冷
2026/7/24 18:51,29.12,27.85,27.67,100,製冷
2026/7/24 18:51,29.12,27.85,27.67,100,製冷
2026/7/24 18:51,29.12,27.85,27.67,100,製冷
2026/7/24 18:51,29.12,27.85,27.67,100,製冷
2026/7/24 18:51,29.09,27.83,27.55,100,製冷
2026/7/24 18:51,29.09,27.83,27.55,100,製冷
2026/7/24 18:51,29.09,27.83,27.55,100,製冷
2026/7/24 18:51,29.09,27.83,27.55,100,製冷
2026/7/24 18:51,29.05,27.79,27.43,100,製冷
2026/7/24 18:51,29.05,27.79,27.43,100,製冷
2026/7/24 18:51,29.05,27.79,27.43,100,製冷
2026/7/24 18:51,29.05,27.79,27.43,100,製冷
2026/7/24 18:51,28.99,27.74,27.34,100,製冷
2026/7/24 18:51,28.99,27.74,27.34,100,製冷
2026/7/24 18:51,28.99,27.74,27.34,100,製冷
2026/7/24 18:51,28.99,27.74,27.34,100,製冷
2026/7/24 18:51,28.96,27.68,27.17,100,製冷
2026/7/24 18:51,28.96,27.68,27.17,100,製冷
2026/7/24 18:51,28.96,27.68,27.17,100,製冷
2026/7/24 18:51,28.96,27.68,27.17,100,製冷
2026/7/24 18:51,28.92,27.65,27.12,100,製冷
2026/7/24 18:51,28.92,27.65,27.12,100,製冷
2026/7/24 18:51,28.92,27.65,27.12,100,製冷
2026/7/24 18:51,28.92,27.65,27.12,100,製冷
2026/7/24 18:51,28.87,27.61,27.06,100,製冷
2026/7/24 18:51,28.87,27.61,27.06,100,製冷
2026/7/24 18:51,28.87,27.61,27.06,100,製冷
2026/7/24 18:51,28.87,27.61,27.06,100,製冷
2026/7/24 18:51,28.81,27.59,26.97,100,製冷
2026/7/24 18:51,28.81,27.59,26.97,100,製冷
2026/7/24 18:51,28.81,27.59,26.97,100,製冷
2026/7/24 18:51,28.81,27.59,26.97,100,製冷
2026/7/24 18:51,28.75,27.54,26.89,100,製冷
2026/7/24 18:51,28.75,27.54,26.89,100,製冷
2026/7/24 18:51,28.75,27.54,26.89,100,製冷
2026/7/24 18:51,28.75,27.54,26.89,100,製冷
2026/7/24 18:51,28.69,27.49,26.82,100,製冷
2026/7/24 18:51,28.69,27.49,26.82,100,製冷
2026/7/24 18:51,28.69,27.49,26.82,100,製冷
2026/7/24 18:51,28.69,27.49,26.82,100,製冷
2026/7/24 18:51,28.62,27.43,26.75,100,製冷
2026/7/24 18:51,28.62,27.43,26.75,100,製冷
2026/7/24 18:51,28.62,27.43,26.75,100,製冷
2026/7/24 18:51,28.62,27.43,26.75,100,製冷
2026/7/24 18:52,28.59,27.4,26.66,100,製冷
2026/7/24 18:52,28.59,27.4,26.66,100,製冷
2026/7/24 18:52,28.59,27.4,26.66,100,製冷
2026/7/24 18:52,28.59,27.4,26.66,100,製冷
2026/7/24 18:52,28.55,27.36,26.58,100,製冷
2026/7/24 18:52,28.55,27.36,26.58,100,製冷
2026/7/24 18:52,28.55,27.36,26.58,100,製冷
2026/7/24 18:52,28.55,27.36,26.58,100,製冷
2026/7/24 18:52,28.49,27.34,26.51,100,製冷
2026/7/24 18:52,28.49,27.34,26.51,100,製冷
2026/7/24 18:52,28.49,27.34,26.51,100,製冷
2026/7/24 18:52,28.49,27.34,26.51,100,製冷
2026/7/24 18:52,28.46,27.29,26.44,100,製冷
2026/7/24 18:52,28.46,27.29,26.44,100,製冷
2026/7/24 18:52,28.46,27.29,26.44,100,製冷
2026/7/24 18:52,28.46,27.29,26.44,100,製冷
2026/7/24 18:52,28.42,27.24,26.41,100,製冷
2026/7/24 18:52,28.42,27.24,26.41,100,製冷
2026/7/24 18:52,28.42,27.24,26.41,100,製冷
2026/7/24 18:52,28.42,27.24,26.41,100,製冷
2026/7/24 18:52,,27.21,26.3,100,製冷
2026/7/24 18:52,,27.21,26.3,100,製冷
2026/7/24 18:52,,27.21,26.3,100,製冷
2026/7/24 18:52,,27.21,26.3,100,製冷
2026/7/24 18:52,28.31,27.17,26.24,100,製冷
2026/7/24 18:52,28.31,27.17,26.24,100,製冷
2026/7/24 18:52,28.31,27.17,26.24,100,製冷
2026/7/24 18:52,28.31,27.17,26.24,100,製冷
2026/7/24 18:52,28.28,27.15,26.15,100,製冷
2026/7/24 18:52,28.28,27.15,26.15,100,製冷
2026/7/24 18:52,28.28,27.15,26.15,100,製冷
2026/7/24 18:52,28.28,27.15,26.15,100,製冷
2026/7/24 18:52,28.23,27.07,26.14,100,製冷
2026/7/24 18:52,28.23,27.07,26.14,100,製冷
2026/7/24 18:52,28.23,27.07,26.14,100,製冷
2026/7/24 18:52,28.23,27.07,26.14,100,製冷
2026/7/24 18:52,28.18,27.04,26.1,100,製冷
2026/7/24 18:52,28.18,27.04,26.1,100,製冷
2026/7/24 18:52,28.18,27.04,26.1,100,製冷
2026/7/24 18:52,28.18,27.04,26.1,100,製冷
2026/7/24 18:52,28.15,26.99,26.08,100,製冷
2026/7/24 18:52,28.15,26.99,26.08,100,製冷
2026/7/24 18:52,28.15,26.99,26.08,100,製冷
2026/7/24 18:52,28.15,26.99,26.08,100,製冷
2026/7/24 18:52,28.11,26.96,26.04,100,製冷
2026/7/24 18:52,28.11,26.96,26.04,100,製冷
2026/7/24 18:52,28.11,26.96,26.04,100,製冷
2026/7/24 18:52,28.11,26.96,26.04,100,製冷
2026/7/24 18:52,28.05,26.92,25.99,100,製冷
2026/7/24 18:52,28.05,26.92,25.99,100,製冷
2026/7/24 18:52,28.05,26.92,25.99,100,製冷
2026/7/24 18:52,28.05,26.92,25.99,100,製冷
2026/7/24 18:52,28,26.9,25.93,100,製冷
2026/7/24 18:52,28,26.9,25.93,100,製冷
2026/7/24 18:52,28,26.9,25.93,100,製冷
2026/7/24 18:52,28,26.9,25.93,100,製冷
2026/7/24 18:52,27.97,26.85,25.9,100,製冷
2026/7/24 18:52,27.97,26.85,25.9,100,製冷
2026/7/24 18:52,27.97,26.85,25.9,100,製冷
2026/7/24 18:52,27.97,26.85,25.9,100,製冷
2026/7/24 18:53,27.92,26.83,25.86,100,製冷
2026/7/24 18:53,27.92,26.83,25.86,100,製冷
2026/7/24 18:53,27.92,26.83,25.86,100,製冷
2026/7/24 18:53,27.92,26.83,25.86,100,製冷
2026/7/24 18:53,27.87,26.79,25.74,100,製冷
2026/7/24 18:53,27.87,26.79,25.74,100,製冷
2026/7/24 18:53,27.87,26.79,25.74,100,製冷
2026/7/24 18:53,27.87,26.79,25.74,100,製冷
2026/7/24 18:53,27.81,26.74,25.68,100,製冷
2026/7/24 18:53,27.81,26.74,25.68,100,製冷
2026/7/24 18:53,27.81,26.74,25.68,100,製冷
2026/7/24 18:53,27.81,26.74,25.68,100,製冷
2026/7/24 18:53,27.78,26.71,25.69,100,製冷
2026/7/24 18:53,27.78,26.71,25.69,100,製冷
2026/7/24 18:53,27.78,26.71,25.69,100,製冷
2026/7/24 18:53,27.78,26.71,25.69,100,製冷
2026/7/24 18:53,27.73,26.67,25.62,100,製冷
2026/7/24 18:53,27.73,26.67,25.62,100,製冷
2026/7/24 18:53,27.73,26.67,25.62,100,製冷
2026/7/24 18:53,27.73,26.67,25.62,100,製冷
2026/7/24 18:53,27.68,26.62,25.53,100,製冷
2026/7/24 18:53,27.68,26.62,25.53,100,製冷
2026/7/24 18:53,27.68,26.62,25.53,100,製冷
2026/7/24 18:53,27.68,26.62,25.53,100,製冷
2026/7/24 18:53,27.65,26.59,25.52,100,製冷
2026/7/24 18:53,27.65,26.59,25.52,100,製冷
2026/7/24 18:53,27.65,26.59,25.52,100,製冷
2026/7/24 18:53,27.65,26.59,25.52,100,製冷
2026/7/24 18:53,27.61,26.54,25.51,100,製冷
2026/7/24 18:53,27.61,26.54,25.51,100,製冷
2026/7/24 18:53,27.61,26.54,25.51,100,製冷
2026/7/24 18:53,27.61,26.54,25.51,100,製冷
2026/7/24 18:53,27.58,26.52,25.47,100,製冷
2026/7/24 18:53,27.58,26.52,25.47,100,製冷
2026/7/24 18:53,27.58,26.52,25.47,100,製冷
2026/7/24 18:53,27.58,26.52,25.47,100,製冷
2026/7/24 18:53,27.51,26.48,25.46,100,製冷
2026/7/24 18:53,27.51,26.48,25.46,100,製冷
2026/7/24 18:53,27.51,26.48,25.46,100,製冷
2026/7/24 18:53,27.51,26.48,25.46,100,製冷
2026/7/24 18:53,27.47,26.46,25.42,100,製冷
2026/7/24 18:53,27.47,26.46,25.42,100,製冷
2026/7/24 18:53,27.47,26.46,25.42,100,製冷
2026/7/24 18:53,27.47,26.46,25.42,100,製冷
2026/7/24 18:53,27.46,26.42,25.36,100,製冷
2026/7/24 18:53,27.46,26.42,25.36,100,製冷
2026/7/24 18:53,27.46,26.42,25.36,100,製冷
2026/7/24 18:53,27.46,26.42,25.36,100,製冷
2026/7/24 18:53,27.42,26.4,25.31,100,製冷
2026/7/24 18:53,27.42,26.4,25.31,100,製冷
2026/7/24 18:53,27.42,26.4,25.31,100,製冷
2026/7/24 18:53,27.42,26.4,25.31,100,製冷
2026/7/24 18:53,27.4,26.35,25.28,100,製冷
2026/7/24 18:53,27.4,26.35,25.28,100,製冷
2026/7/24 18:53,27.4,26.35,25.28,100,製冷
2026/7/24 18:53,27.4,26.35,25.28,100,製冷
2026/7/24 18:53,27.39,26.3,25.23,100,製冷
2026/7/24 18:53,27.39,26.3,25.23,100,製冷
2026/7/24 18:53,27.39,26.3,25.23,100,製冷
2026/7/24 18:53,27.39,26.3,25.23,100,製冷
2026/7/24 18:54,27.35,26.28,25.21,100,製冷
2026/7/24 18:54,27.35,26.28,25.21,100,製冷
2026/7/24 18:54,27.35,26.28,25.21,100,製冷
2026/7/24 18:54,27.35,26.28,25.21,100,製冷
2026/7/24 18:54,27.3,26.23,25.2,100,製冷
2026/7/24 18:54,27.3,26.23,25.2,100,製冷
2026/7/24 18:54,27.3,26.23,25.2,100,製冷
2026/7/24 18:54,27.3,26.23,25.2,100,製冷
2026/7/24 18:54,27.27,26.21,25.1,100,製冷
2026/7/24 18:54,27.27,26.21,25.1,100,製冷
2026/7/24 18:54,27.27,26.21,25.1,100,製冷
2026/7/24 18:54,27.27,26.21,25.1,100,製冷
2026/7/24 18:54,27.23,26.2,25.11,100,製冷
2026/7/24 18:54,27.23,26.2,25.11,100,製冷
2026/7/24 18:54,27.23,26.2,25.11,100,製冷
2026/7/24 18:54,27.23,26.2,25.11,100,製冷
2026/7/24 18:54,27.21,26.19,25.09,100,製冷
2026/7/24 18:54,27.21,26.19,25.09,100,製冷
2026/7/24 18:54,27.21,26.19,25.09,100,製冷
2026/7/24 18:54,27.21,26.19,25.09,100,製冷
2026/7/24 18:54,27.17,26.13,25.07,100,製冷
2026/7/24 18:54,27.17,26.13,25.07,100,製冷
2026/7/24 18:54,27.17,26.13,25.07,100,製冷
2026/7/24 18:54,27.17,26.13,25.07,100,製冷
2026/7/24 18:54,27.15,26.1,25.04,100,製冷
2026/7/24 18:54,27.15,26.1,25.04,100,製冷
2026/7/24 18:54,27.15,26.1,25.04,100,製冷
2026/7/24 18:54,27.15,26.1,25.04,100,製冷
2026/7/24 18:54,27.1,26.08,24.96,100,製冷
2026/7/24 18:54,27.1,26.08,24.96,100,製冷
2026/7/24 18:54,27.1,26.08,24.96,100,製冷
2026/7/24 18:54,27.1,26.08,24.96,100,製冷
2026/7/24 18:54,27.08,26.04,24.92,100,製冷
2026/7/24 18:54,27.08,26.04,24.92,100,製冷
2026/7/24 18:54,27.08,26.04,24.92,100,製冷
2026/7/24 18:54,27.08,26.04,24.92,100,製冷
2026/7/24 18:54,27.04,26.02,24.86,100,製冷
2026/7/24 18:54,27.04,26.02,24.86,100,製冷
2026/7/24 18:54,27.04,26.02,24.86,100,製冷
2026/7/24 18:54,27.04,26.02,24.86,100,製冷
2026/7/24 18:54,27.02,25.98,24.84,100,製冷
2026/7/24 18:54,27.02,25.98,24.84,100,製冷
2026/7/24 18:54,27.02,25.98,24.84,100,製冷
2026/7/24 18:54,27.02,25.98,24.84,100,製冷
2026/7/24 18:54,27.01,25.93,24.79,100,製冷
2026/7/24 18:54,27.01,25.93,24.79,100,製冷
2026/7/24 18:54,27.01,25.93,24.79,100,製冷
2026/7/24 18:54,27.01,25.93,24.79,100,製冷
2026/7/24 18:54,26.97,25.9,24.77,100,製冷
2026/7/24 18:54,26.97,25.9,24.77,100,製冷
2026/7/24 18:54,26.97,25.9,24.77,100,製冷
2026/7/24 18:54,26.97,25.9,24.77,100,製冷
2026/7/24 18:54,26.96,25.89,24.73,100,製冷
2026/7/24 18:54,26.96,25.89,24.73,100,製冷
2026/7/24 18:54,26.96,25.89,24.73,100,製冷
2026/7/24 18:54,26.96,25.89,24.73,100,製冷
2026/7/24 18:54,26.92,25.85,24.74,100,製冷
2026/7/24 18:54,26.92,25.85,24.74,100,製冷
2026/7/24 18:54,26.92,25.85,24.74,100,製冷
2026/7/24 18:54,26.92,25.85,24.74,100,製冷
2026/7/24 18:55,26.9,25.83,24.71,100,製冷
2026/7/24 18:55,26.9,25.83,24.71,100,製冷
2026/7/24 18:55,26.9,25.83,24.71,100,製冷
2026/7/24 18:55,26.9,25.83,24.71,100,製冷
2026/7/24 18:55,26.89,25.82,24.7,100,製冷
2026/7/24 18:55,26.89,25.82,24.7,100,製冷
2026/7/24 18:55,26.89,25.82,24.7,100,製冷
2026/7/24 18:55,26.89,25.82,24.7,100,製冷
2026/7/24 18:55,26.85,25.79,24.69,100,製冷
2026/7/24 18:55,26.85,25.79,24.69,100,製冷
2026/7/24 18:55,26.85,25.79,24.69,100,製冷
2026/7/24 18:55,26.85,25.79,24.69,100,製冷
2026/7/24 18:55,26.83,25.77,24.69,100,製冷
2026/7/24 18:55,26.83,25.77,24.69,100,製冷
2026/7/24 18:55,26.83,25.77,24.69,100,製冷
2026/7/24 18:55,26.83,25.77,24.69,100,製冷
2026/7/24 18:55,26.82,25.73,24.66,100,製冷
2026/7/24 18:55,26.82,25.73,24.66,100,製冷
2026/7/24 18:55,26.82,25.73,24.66,100,製冷
2026/7/24 18:55,26.82,25.73,24.66,100,製冷
2026/7/24 18:55,26.79,25.71,24.64,100,製冷
2026/7/24 18:55,26.79,25.71,24.64,100,製冷
2026/7/24 18:55,26.79,25.71,24.64,100,製冷
2026/7/24 18:55,26.79,25.71,24.64,100,製冷
2026/7/24 18:55,26.77,25.7,24.63,100,製冷
2026/7/24 18:55,26.77,25.7,24.63,100,製冷
2026/7/24 18:55,26.77,25.7,24.63,100,製冷
2026/7/24 18:55,26.77,25.7,24.63,100,製冷
2026/7/24 18:55,26.73,25.69,24.6,100,製冷
2026/7/24 18:55,26.73,25.69,24.6,100,製冷
2026/7/24 18:55,26.73,25.69,24.6,100,製冷
2026/7/24 18:55,26.73,25.69,24.6,100,製冷
2026/7/24 18:55,26.71,25.66,24.58,100,製冷
2026/7/24 18:55,26.71,25.66,24.58,100,製冷
2026/7/24 18:55,26.71,25.66,24.58,100,製冷
2026/7/24 18:55,26.71,25.66,24.58,100,製冷
2026/7/24 18:55,26.7,25.64,24.57,100,製冷
2026/7/24 18:55,26.7,25.64,24.57,100,製冷
2026/7/24 18:55,26.7,25.64,24.57,100,製冷
2026/7/24 18:55,26.69,25.63,24.57,100,製冷
2026/7/24 18:55,26.69,25.63,24.57,100,製冷
2026/7/24 18:55,26.69,25.63,24.57,100,製冷
2026/7/24 18:55,26.69,25.63,24.57,100,製冷
2026/7/24 18:55,26.66,25.6,24.53,100,製冷
2026/7/24 18:55,26.66,25.6,24.53,100,製冷
2026/7/24 18:55,26.66,25.6,24.53,100,製冷
2026/7/24 18:55,26.66,25.6,24.53,100,製冷
2026/7/24 18:55,26.64,25.58,24.52,100,製冷
2026/7/24 18:55,26.64,25.58,24.52,100,製冷
2026/7/24 18:55,26.64,25.58,24.52,100,製冷
2026/7/24 18:55,26.64,25.58,24.52,100,製冷
2026/7/24 18:55,26.6,25.57,24.51,100,製冷
2026/7/24 18:55,26.6,25.57,24.51,100,製冷
2026/7/24 18:55,26.6,25.57,24.51,100,製冷
2026/7/24 18:55,26.6,25.57,24.51,100,製冷
2026/7/24 18:55,26.58,25.57,24.57,100,製冷
2026/7/24 18:55,26.58,25.57,24.57,100,製冷
2026/7/24 18:55,26.58,25.57,24.57,100,製冷
2026/7/24 18:55,26.58,25.57,24.57,100,製冷
2026/7/24 18:56,26.6,25.56,24.63,100,製冷
2026/7/24 18:56,26.6,25.56,24.63,100,製冷
2026/7/24 18:56,26.6,25.56,24.63,100,製冷
2026/7/24 18:56,26.6,25.56,24.63,100,製冷
2026/7/24 18:56,26.61,25.56,24.66,100,製冷
2026/7/24 18:56,26.61,25.56,24.66,100,製冷
2026/7/24 18:56,26.61,25.56,24.66,100,製冷
2026/7/24 18:56,26.61,25.56,24.66,100,製冷
2026/7/24 18:56,26.65,25.59,24.73,100,製冷
2026/7/24 18:56,26.65,25.59,24.73,100,製冷
2026/7/24 18:56,26.65,25.59,24.73,100,製冷
2026/7/24 18:56,26.65,25.59,24.73,100,製冷
2026/7/24 18:56,26.64,25.61,24.77,100,製冷
2026/7/24 18:56,26.64,25.61,24.77,100,製冷
2026/7/24 18:56,26.64,25.61,24.77,100,製冷
2026/7/24 18:56,26.64,25.61,24.77,100,製冷
2026/7/24 18:56,26.63,25.59,24.76,100,製冷
2026/7/24 18:56,26.63,25.59,24.76,100,製冷
2026/7/24 18:56,26.63,25.59,24.76,100,製冷
2026/7/24 18:56,26.63,25.59,24.76,100,製冷
2026/7/24 18:56,26.63,25.57,24.72,100,製冷
2026/7/24 18:56,26.63,25.57,24.72,100,製冷
2026/7/24 18:56,26.63,25.57,24.72,100,製冷
2026/7/24 18:56,26.63,25.57,24.72,100,製冷
2026/7/24 18:56,26.63,25.57,24.64,100,製冷
2026/7/24 18:56,26.63,25.57,24.64,100,製冷
2026/7/24 18:56,26.63,25.57,24.64,100,製冷
2026/7/24 18:56,26.63,25.57,24.64,100,製冷
2026/7/24 18:56,26.59,25.57,24.57,100,製冷
2026/7/24 18:56,26.59,25.57,24.57,100,製冷
2026/7/24 18:56,26.59,25.57,24.57,100,製冷
2026/7/24 18:56,26.59,25.57,24.57,100,製冷
2026/7/24 18:56,26.58,25.53,24.54,100,製冷
2026/7/24 18:56,26.58,25.53,24.54,100,製冷
2026/7/24 18:56,26.58,25.53,24.54,100,製冷
2026/7/24 18:56,26.58,25.53,24.54,100,製冷
2026/7/24 18:56,26.46,25.39,24.34,100,製冷
2026/7/24 18:56,26.46,25.39,24.34,100,製冷
2026/7/24 18:56,26.46,25.39,24.34,100,製冷
2026/7/24 18:56,26.46,25.39,24.34,100,製冷
2026/7/24 18:56,26.46,25.39,24.34,100,製冷
2026/7/24 18:56,26.45,25.35,24.32,100,製冷
2026/7/24 18:56,26.45,25.35,24.32,100,製冷
2026/7/24 18:56,26.45,25.35,24.32,100,製冷
2026/7/24 18:56,26.45,25.35,24.32,100,製冷
2026/7/24 18:57,26.44,25.3,24.29,100,製冷
2026/7/24 18:57,26.44,25.3,24.29,100,製冷
2026/7/24 18:57,26.44,25.3,24.29,100,製冷
2026/7/24 18:57,26.44,25.3,24.29,100,製冷
2026/7/24 18:57,26.41,25.31,24.27,100,製冷
2026/7/24 18:57,26.41,25.31,24.27,100,製冷
2026/7/24 18:57,26.41,25.31,24.27,100,製冷
2026/7/24 18:57,26.41,25.31,24.27,100,製冷
2026/7/24 18:57,26.39,25.28,24.23,100,製冷
2026/7/24 18:57,26.39,25.28,24.23,100,製冷
2026/7/24 18:57,26.39,25.28,24.23,100,製冷
2026/7/24 18:57,26.39,25.28,24.23,100,製冷
2026/7/24 18:57,26.38,25.26,24.21,100,製冷
2026/7/24 18:57,26.38,25.26,24.21,100,製冷
2026/7/24 18:57,26.38,25.26,24.21,100,製冷
2026/7/24 18:57,26.38,25.26,24.21,100,製冷
2026/7/24 18:57,26.35,25.26,24.23,100,製冷
2026/7/24 18:57,26.35,25.26,24.23,100,製冷
2026/7/24 18:57,26.35,25.26,24.23,100,製冷
2026/7/24 18:57,26.35,25.26,24.23,100,製冷
2026/7/24 18:57,26.33,25.22,24.21,100,製冷
2026/7/24 18:57,26.33,25.22,24.21,100,製冷
2026/7/24 18:57,26.33,25.22,24.21,100,製冷
2026/7/24 18:57,26.33,25.22,24.21,100,製冷
2026/7/24 18:57,26.32,25.24,24.2,100,製冷
2026/7/24 18:57,26.32,25.24,24.2,100,製冷
2026/7/24 18:57,26.32,25.24,24.2,100,製冷
2026/7/24 18:57,26.32,25.24,24.2,100,製冷
2026/7/24 18:57,26.29,25.21,24.19,100,製冷
2026/7/24 18:57,26.29,25.21,24.19,100,製冷
2026/7/24 18:57,26.29,25.21,24.19,100,製冷
2026/7/24 18:57,26.29,25.21,24.19,100,製冷
2026/7/24 18:57,26.27,25.2,24.19,100,製冷
2026/7/24 18:57,26.27,25.2,24.19,100,製冷
2026/7/24 18:57,26.27,25.2,24.19,100,製冷
2026/7/24 18:57,26.27,25.2,24.19,100,製冷
2026/7/24 18:57,26.26,25.16,24.19,100,製冷
2026/7/24 18:57,26.26,25.16,24.19,100,製冷
2026/7/24 18:57,26.26,25.16,24.19,100,製冷
2026/7/24 18:57,26.26,25.16,24.19,100,製冷
2026/7/24 18:57,26.25,25.14,24.16,100,製冷
2026/7/24 18:57,26.25,25.14,24.16,100,製冷
2026/7/24 18:57,26.25,25.14,24.16,100,製冷
2026/7/24 18:57,26.25,25.14,24.16,100,製冷
2026/7/24 18:57,26.22,25.13,24.14,100,製冷
2026/7/24 18:57,26.22,25.13,24.14,100,製冷
2026/7/24 18:57,26.22,25.13,24.14,100,製冷
2026/7/24 18:57,26.22,25.13,24.14,100,製冷
2026/7/24 18:57,26.2,25.13,24.16,100,製冷
2026/7/24 18:57,26.2,25.13,24.16,100,製冷
2026/7/24 18:57,26.2,25.13,24.16,100,製冷
2026/7/24 18:57,26.2,25.13,24.16,100,製冷
2026/7/24 18:57,26.2,25.13,24.14,100,製冷
2026/7/24 18:57,26.2,25.13,24.14,100,製冷
2026/7/24 18:57,26.2,25.13,24.14,100,製冷
2026/7/24 18:57,26.2,25.13,24.14,100,製冷
2026/7/24 18:57,26.19,25.13,24.17,100,製冷
2026/7/24 18:57,26.19,25.13,24.17,100,製冷
2026/7/24 18:57,26.19,25.13,24.17,100,製冷
2026/7/24 18:57,26.19,25.13,24.17,100,製冷
2026/7/24 18:58,26.16,25.09,24.08,100,製冷
2026/7/24 18:58,26.16,25.09,24.08,100,製冷
2026/7/24 18:58,26.16,25.09,24.08,100,製冷
2026/7/24 18:58,26.16,25.09,24.08,100,製冷
2026/7/24 18:58,26.14,25.08,24.14,100,製冷
2026/7/24 18:58,26.14,25.08,24.14,100,製冷
2026/7/24 18:58,26.14,25.08,24.14,100,製冷
2026/7/24 18:58,26.14,25.08,24.14,100,製冷
2026/7/24 18:58,26.13,25.04,24.07,100,製冷
2026/7/24 18:58,26.13,25.04,24.07,100,製冷
2026/7/24 18:58,26.13,25.04,24.07,100,製冷
2026/7/24 18:58,26.13,25.04,24.07,100,製冷
2026/7/24 18:58,26.13,25.02,24.13,100,製冷
2026/7/24 18:58,26.13,25.02,24.13,100,製冷
2026/7/24 18:58,26.13,25.02,24.13,100,製冷
2026/7/24 18:58,26.13,25.02,24.13,100,製冷
2026/7/24 18:58,26.13,25.04,24.16,100,製冷
2026/7/24 18:58,26.13,25.04,24.16,100,製冷
2026/7/24 18:58,26.13,25.04,24.16,100,製冷
2026/7/24 18:58,26.13,25.04,24.16,100,製冷
2026/7/24 18:58,,25.02,24.17,100,製冷
2026/7/24 18:58,,25.02,24.17,100,製冷
2026/7/24 18:58,,25.02,24.17,100,製冷
2026/7/24 18:58,,25.02,24.17,100,製冷
2026/7/24 18:58,,25.01,24.18,100,製冷
2026/7/24 18:58,,25.01,24.18,100,製冷
2026/7/24 18:58,,25.01,24.18,100,製冷
2026/7/24 18:58,,25.01,24.18,100,製冷
2026/7/24 18:58,,25.01,24.22,78,維持
2026/7/24 18:58,,25.01,24.22,78,維持
2026/7/24 18:58,,25.01,24.22,39,維持
2026/7/24 18:58,,25.01,24.22,39,維持
2026/7/24 18:58,,25.01,24.22,39,製冷
2026/7/24 18:58,,24.97,24.23,39,製冷
2026/7/24 18:58,,24.97,24.23,39,製冷
2026/7/24 18:58,,24.97,24.23,39,製冷
2026/7/24 18:58,,24.97,24.23,51,製冷
2026/7/24 18:58,,24.97,24.23,72,製冷
2026/7/24 18:58,,24.95,24.24,81,製冷
2026/7/24 18:58,,24.95,24.24,98,製冷
2026/7/24 18:58,,24.95,24.24,100,製冷
2026/7/24 18:58,,24.95,24.24,100,製冷
2026/7/24 18:58,26.06,24.98,24.28,100,製冷
2026/7/24 18:58,26.06,24.98,24.28,100,製冷
2026/7/24 18:58,26.06,24.98,24.28,100,製冷
2026/7/24 18:58,26.06,24.98,24.28,100,製冷
2026/7/24 18:58,26.06,24.99,24.29,100,製冷
2026/7/24 18:58,26.06,24.99,24.29,100,製冷
2026/7/24 18:58,26.06,24.99,24.29,100,製冷
2026/7/24 18:58,26.06,24.99,24.29,100,製冷
2026/7/24 18:58,26.03,24.99,24.3,100,製冷
2026/7/24 18:58,26.03,24.99,24.3,100,製冷
2026/7/24 18:58,26.03,24.99,24.3,100,製冷
2026/7/24 18:58,26.03,24.99,24.3,100,製冷
2026/7/24 18:58,26.02,25,24.25,100,製冷
2026/7/24 18:58,26.02,25,24.25,100,製冷
2026/7/24 18:58,26.02,25,24.25,100,製冷
2026/7/24 18:58,26.02,25,24.25,100,製冷
2026/7/24 18:58,26.04,24.97,24.31,100,製冷
2026/7/24 18:58,26.04,24.97,24.31,100,製冷
2026/7/24 18:58,26.04,24.97,24.31,100,製冷
2026/7/24 18:58,26.04,24.97,24.31,100,製冷
2026/7/24 18:59,26.02,24.98,24.37,100,製冷
2026/7/24 18:59,26.02,24.98,24.37,100,製冷
2026/7/24 18:59,26.02,24.98,24.37,100,製冷
2026/7/24 18:59,26.02,24.98,24.37,100,製冷
2026/7/24 18:59,26.01,24.99,24.44,100,製冷
2026/7/24 18:59,26.01,24.99,24.44,100,製冷
2026/7/24 18:59,26.01,24.99,24.44,100,製冷
2026/7/24 18:59,26.01,24.99,24.44,100,製冷
2026/7/24 18:59,26.04,25.03,24.5,100,製冷
2026/7/24 18:59,26.04,25.03,24.5,100,製冷
2026/7/24 18:59,26.04,25.03,24.5,100,製冷
2026/7/24 18:59,26.04,25.03,24.5,100,製冷
2026/7/24 18:59,26.05,25.04,24.56,100,製冷
2026/7/24 18:59,26.05,25.04,24.56,100,製冷
2026/7/24 18:59,26.05,25.04,24.56,100,製冷
2026/7/24 18:59,26.05,25.04,24.56,100,製冷
2026/7/24 18:59,26.09,25.08,24.66,100,製冷
2026/7/24 18:59,26.09,25.08,24.66,100,製冷
2026/7/24 18:59,26.09,25.08,24.66,100,製冷
2026/7/24 18:59,26.09,25.08,24.66,100,製冷
2026/7/24 18:59,26.11,25.1,24.73,100,製冷
2026/7/24 18:59,26.11,25.1,24.73,100,製冷
2026/7/24 18:59,26.11,25.1,24.73,100,製冷
2026/7/24 18:59,26.11,25.1,24.73,100,製冷
2026/7/24 18:59,26.15,25.15,24.8,100,製冷
2026/7/24 18:59,26.15,25.15,24.8,100,製冷
2026/7/24 18:59,26.15,25.15,24.8,100,製冷
2026/7/24 18:59,26.15,25.15,24.8,100,製冷
2026/7/24 18:59,26.17,25.2,24.87,100,製冷
2026/7/24 18:59,26.17,25.2,24.87,100,製冷
2026/7/24 18:59,26.17,25.2,24.87,100,製冷
2026/7/24 18:59,26.17,25.2,24.87,100,製冷
2026/7/24 18:59,26.18,25.26,24.94,100,製冷
2026/7/24 18:59,26.18,25.26,24.94,100,製冷
2026/7/24 18:59,26.18,25.26,24.94,100,製冷
2026/7/24 18:59,26.18,25.26,24.94,100,製冷
2026/7/24 18:59,26.18,25.28,25,100,製冷
2026/7/24 18:59,26.18,25.28,25,100,製冷
2026/7/24 18:59,26.18,25.28,25,100,製冷
2026/7/24 18:59,26.18,25.28,25,100,製冷
2026/7/24 18:59,26.22,25.33,25.06,100,製冷
2026/7/24 18:59,26.22,25.33,25.06,100,製冷
2026/7/24 18:59,26.22,25.33,25.06,100,製冷
2026/7/24 18:59,26.22,25.33,25.06,100,製冷
2026/7/24 18:59,26.26,25.35,25.12,100,製冷
2026/7/24 18:59,26.26,25.35,25.12,100,製冷
2026/7/24 18:59,26.26,25.35,25.12,100,製冷
2026/7/24 18:59,26.26,25.35,25.12,100,製冷
2026/7/24 18:59,26.29,25.36,25.19,100,製冷
2026/7/24 18:59,26.29,25.36,25.19,100,製冷
2026/7/24 18:59,26.29,25.36,25.19,100,製冷
2026/7/24 18:59,26.29,25.36,25.19,100,製冷
2026/7/24 18:59,26.33,25.4,25.25,100,製冷
2026/7/24 18:59,26.33,25.4,25.25,100,製冷
2026/7/24 18:59,26.33,25.4,25.25,100,製冷
2026/7/24 18:59,26.33,25.4,25.25,100,製冷
2026/7/24 18:59,26.35,25.42,25.31,100,製冷
2026/7/24 18:59,26.35,25.42,25.31,100,製冷
2026/7/24 18:59,26.35,25.42,25.31,100,製冷
2026/7/24 18:59,26.35,25.42,25.31,100,製冷
2026/7/24 19:00,26.36,25.46,25.41,100,製冷
2026/7/24 19:00,26.36,25.46,25.41,100,製冷
2026/7/24 19:00,26.36,25.46,25.41,100,製冷
2026/7/24 19:00,26.36,25.46,25.41,100,製冷
2026/7/24 19:00,26.4,25.48,25.48,100,製冷
2026/7/24 19:00,26.4,25.48,25.48,100,製冷
2026/7/24 19:00,26.4,25.48,25.48,100,製冷
2026/7/24 19:00,26.4,25.48,25.48,100,製冷
2026/7/24 19:00,26.42,25.52,25.55,100,製冷
2026/7/24 19:00,26.42,25.52,25.55,100,製冷
2026/7/24 19:00,26.42,25.52,25.55,100,製冷
2026/7/24 19:00,26.42,25.52,25.55,100,製冷
2026/7/24 19:00,26.43,25.54,25.62,100,製冷
2026/7/24 19:00,26.43,25.54,25.62,100,製冷
2026/7/24 19:00,26.43,25.54,25.62,100,製冷
2026/7/24 19:00,26.43,25.54,25.62,100,製冷
2026/7/24 19:00,26.46,25.58,25.65,100,製冷
2026/7/24 19:00,26.46,25.58,25.65,100,製冷
2026/7/24 19:00,26.46,25.58,25.65,100,製冷
2026/7/24 19:00,26.46,25.58,25.65,100,製冷
2026/7/24 19:00,26.48,25.6,25.67,100,製冷
2026/7/24 19:00,26.48,25.6,25.67,100,製冷
2026/7/24 19:00,26.48,25.6,25.67,100,製冷
2026/7/24 19:00,26.48,25.6,25.67,100,製冷
2026/7/24 19:00,26.49,25.65,25.74,100,製冷
2026/7/24 19:00,26.49,25.65,25.74,100,製冷
2026/7/24 19:00,26.49,25.65,25.74,100,製冷
2026/7/24 19:00,26.49,25.65,25.74,100,製冷
2026/7/24 19:00,26.5,25.67,25.78,100,製冷
2026/7/24 19:00,26.5,25.67,25.78,100,製冷
2026/7/24 19:00,26.5,25.67,25.78,100,製冷
2026/7/24 19:00,26.5,25.67,25.78,100,製冷
2026/7/24 19:00,26.53,25.68,25.83,100,製冷
2026/7/24 19:00,26.53,25.68,25.83,100,製冷
2026/7/24 19:00,26.53,25.68,25.83,100,製冷
2026/7/24 19:00,26.53,25.68,25.83,100,製冷
2026/7/24 19:00,26.55,25.71,25.88,100,製冷
2026/7/24 19:00,26.55,25.71,25.88,100,製冷
2026/7/24 19:00,26.55,25.71,25.88,100,製冷
2026/7/24 19:00,26.55,25.71,25.88,100,製冷
2026/7/24 19:00,26.55,25.73,25.91,100,製冷
2026/7/24 19:00,26.55,25.73,25.91,100,製冷
2026/7/24 19:00,26.55,25.73,25.91,100,製冷
2026/7/24 19:00,26.55,25.73,25.91,100,製冷
2026/7/24 19:00,26.56,25.77,25.95,100,製冷
2026/7/24 19:00,26.56,25.77,25.95,100,製冷
2026/7/24 19:00,26.56,25.77,25.95,100,製冷
2026/7/24 19:00,26.56,25.77,25.95,78,維持
2026/7/24 19:00,26.56,25.77,25.95,78,維持
2026/7/24 19:00,26.56,25.79,25.98,100,製冷
2026/7/24 19:00,26.56,25.79,25.98,100,製冷
2026/7/24 19:00,26.56,25.79,25.98,100,製冷
2026/7/24 19:00,26.56,25.79,25.98,100,製冷
2026/7/24 19:00,26.56,25.79,25.98,100,製冷
2026/7/24 19:00,26.56,25.79,25.98,100,製冷
2026/7/24 19:00,26.59,25.83,26.02,100,製冷
2026/7/24 19:00,26.59,25.83,26.02,100,加熱
2026/7/24 19:00,26.59,25.83,26.02,100,加熱
2026/7/24 19:00,26.59,25.83,26.02,100,製冷
2026/7/24 19:00,26.61,25.85,26.04,100,製冷
2026/7/24 19:00,26.61,25.85,26.04,100,製冷
2026/7/24 19:00,26.61,25.85,26.04,100,製冷
2026/7/24 19:00,26.61,25.85,26.04,100,製冷
2026/7/24 19:01,26.62,25.86,26.05,100,製冷
2026/7/24 19:01,26.62,25.86,26.05,100,製冷
2026/7/24 19:01,26.62,25.86,26.05,100,製冷
2026/7/24 19:01,26.62,25.86,26.05,100,製冷
2026/7/24 19:01,26.65,25.9,26.09,100,製冷
2026/7/24 19:01,26.65,25.9,26.09,100,製冷
2026/7/24 19:01,26.65,25.9,26.09,100,製冷
2026/7/24 19:01,26.65,25.9,26.09,100,製冷
2026/7/24 19:01,26.67,25.92,26.14,100,製冷
2026/7/24 19:01,26.67,25.92,26.14,100,製冷
2026/7/24 19:01,26.67,25.92,26.14,100,製冷
2026/7/24 19:01,26.67,25.92,26.14,100,製冷
2026/7/24 19:01,26.68,25.93,26.16,100,製冷
2026/7/24 19:01,26.68,25.93,26.16,100,製冷
2026/7/24 19:01,26.68,25.93,26.16,100,製冷
2026/7/24 19:01,26.68,25.93,26.16,100,製冷
2026/7/24 19:01,26.68,25.93,26.21,100,製冷
2026/7/24 19:01,26.68,25.93,26.21,100,製冷
2026/7/24 19:01,26.68,25.93,26.21,100,製冷
2026/7/24 19:01,26.68,25.93,26.21,100,製冷
2026/7/24 19:01,26.72,25.97,26.26,100,製冷
2026/7/24 19:01,26.72,25.97,26.26,100,製冷
2026/7/24 19:01,26.72,25.97,26.26,100,製冷
2026/7/24 19:01,26.72,25.97,26.26,100,製冷
2026/7/24 19:01,26.73,25.98,26.29,100,製冷
2026/7/24 19:01,26.73,25.98,26.29,100,製冷
2026/7/24 19:01,26.73,25.98,26.29,100,製冷
2026/7/24 19:01,26.73,25.98,26.29,100,製冷
2026/7/24 19:01,26.74,25.99,26.33,100,製冷
2026/7/24 19:01,26.74,25.99,26.33,100,製冷
2026/7/24 19:01,26.74,25.99,26.33,100,製冷
2026/7/24 19:01,26.74,25.99,26.33,100,製冷
2026/7/24 19:01,26.75,26.03,26.38,100,製冷
2026/7/24 19:01,26.75,26.03,26.38,100,製冷
2026/7/24 19:01,26.75,26.03,26.38,100,製冷
2026/7/24 19:01,26.75,26.03,26.38,100,製冷
2026/7/24 19:01,26.75,26.04,26.41,100,製冷
2026/7/24 19:01,26.75,26.04,26.41,100,製冷
2026/7/24 19:01,26.75,26.04,26.41,100,製冷
2026/7/24 19:01,26.75,26.04,26.41,100,製冷
2026/7/24 19:01,26.75,26.05,26.46,100,製冷
2026/7/24 19:01,26.75,26.05,26.46,100,製冷
2026/7/24 19:01,26.75,26.05,26.46,100,製冷
2026/7/24 19:01,26.75,26.05,26.46,100,製冷
2026/7/24 19:01,26.75,26.06,26.51,100,製冷
2026/7/24 19:01,26.75,26.06,26.51,100,製冷
2026/7/24 19:01,26.75,26.06,26.51,100,製冷
2026/7/24 19:01,26.75,26.06,26.51,100,製冷
2026/7/24 19:01,26.75,26.09,26.54,100,製冷
2026/7/24 19:01,26.75,26.09,26.54,100,製冷
2026/7/24 19:01,26.75,26.09,26.54,100,製冷
2026/7/24 19:01,26.75,26.09,26.54,100,製冷
2026/7/24 19:01,26.78,26.14,26.58,100,製冷
2026/7/24 19:01,26.78,26.14,26.58,100,製冷
2026/7/24 19:01,26.78,26.14,26.58,100,製冷
2026/7/24 19:01,26.78,26.14,26.58,100,製冷
2026/7/24 19:01,26.8,26.23,26.67,100,製冷
2026/7/24 19:01,26.8,26.23,26.67,100,製冷
2026/7/24 19:01,26.8,26.23,26.67,100,製冷
2026/7/24 19:01,26.8,26.23,26.67,100,製冷
2026/7/24 19:02,26.84,26.27,26.74,100,製冷
2026/7/24 19:02,26.84,26.27,26.74,100,製冷
2026/7/24 19:02,26.84,26.27,26.74,100,製冷
2026/7/24 19:02,26.84,26.27,26.74,100,製冷
2026/7/24 19:02,26.92,26.32,26.81,100,製冷
2026/7/24 19:02,26.92,26.32,26.81,100,製冷
2026/7/24 19:02,26.92,26.32,26.81,100,製冷
2026/7/24 19:02,26.92,26.32,26.81,100,製冷
2026/7/24 19:02,27.02,26.35,26.87,100,製冷
2026/7/24 19:02,27.02,26.35,26.87,100,製冷
2026/7/24 19:02,27.02,26.35,26.87,100,製冷
2026/7/24 19:02,27.02,26.35,26.87,100,製冷
2026/7/24 19:02,27.07,26.36,26.87,100,製冷
2026/7/24 19:02,27.07,26.36,26.87,100,製冷
2026/7/24 19:02,27.07,26.36,26.87,100,製冷
2026/7/24 19:02,27.07,26.36,26.87,100,製冷
2026/7/24 19:02,27.1,26.34,26.81,100,製冷
2026/7/24 19:02,27.1,26.34,26.81,100,製冷
2026/7/24 19:02,27.1,26.34,26.81,100,製冷
2026/7/24 19:02,27.1,26.34,26.81,100,製冷
2026/7/24 19:02,27.11,26.32,26.72,100,製冷
2026/7/24 19:02,27.11,26.32,26.72,100,製冷
2026/7/24 19:02,27.11,26.32,26.72,100,製冷
2026/7/24 19:02,27.11,26.32,26.72,100,製冷
2026/7/24 19:02,27.09,26.26,26.55,100,製冷
2026/7/24 19:02,27.09,26.26,26.55,100,製冷
2026/7/24 19:02,27.09,26.26,26.55,100,製冷
2026/7/24 19:02,27.09,26.26,26.55,100,製冷
2026/7/24 19:02,27.07,26.22,26.4,100,製冷
2026/7/24 19:02,27.07,26.22,26.4,100,製冷
2026/7/24 19:02,27.07,26.22,26.4,100,製冷
2026/7/24 19:02,27.07,26.22,26.4,100,製冷
2026/7/24 19:02,27.1,26.2,26.26,100,製冷
2026/7/24 19:02,27.1,26.2,26.26,100,製冷
2026/7/24 19:02,27.1,26.2,26.26,100,製冷
2026/7/24 19:02,27.1,26.2,26.26,100,製冷
2026/7/24 19:02,27.08,26.13,26.16,100,製冷
2026/7/24 19:02,27.08,26.13,26.16,100,製冷
2026/7/24 19:02,27.08,26.13,26.16,100,製冷
2026/7/24 19:02,27.08,26.13,26.16,100,製冷
2026/7/24 19:02,27.07,26.13,26.05,100,製冷
2026/7/24 19:02,27.07,26.13,26.05,100,製冷
2026/7/24 19:02,27.07,26.13,26.05,100,製冷
2026/7/24 19:02,27.07,26.13,26.05,100,製冷
2026/7/24 19:02,27.1,26.1,25.93,100,製冷
2026/7/24 19:02,27.1,26.1,25.93,100,製冷
2026/7/24 19:02,27.1,26.1,25.93,100,製冷
2026/7/24 19:02,27.1,26.1,25.93,100,製冷
2026/7/24 19:02,27.08,26.08,25.81,100,製冷
2026/7/24 19:02,27.08,26.08,25.81,100,製冷
2026/7/24 19:02,27.08,26.08,25.81,100,製冷
2026/7/24 19:02,27.08,26.08,25.81,100,製冷
2026/7/24 19:02,27.07,26.04,25.65,100,製冷
2026/7/24 19:02,27.07,26.04,25.65,100,製冷
2026/7/24 19:02,27.07,26.04,25.65,100,製冷
2026/7/24 19:02,27.07,26.04,25.65,100,製冷
2026/7/24 19:02,27.04,26.02,25.55,100,製冷
2026/7/24 19:02,27.04,26.02,25.55,100,製冷
2026/7/24 19:02,27.04,26.02,25.55,100,製冷
2026/7/24 19:02,27.04,26.02,25.55,100,製冷
2026/7/24 19:03,27.02,25.98,25.43,100,製冷
2026/7/24 19:03,27.02,25.98,25.43,100,製冷
2026/7/24 19:03,27.02,25.98,25.43,100,製冷
2026/7/24 19:03,27.02,25.98,25.43,100,製冷
2026/7/24 19:03,27.01,25.93,25.34,100,製冷
2026/7/24 19:03,27.01,25.93,25.34,100,製冷
2026/7/24 19:03,27.01,25.93,25.34,100,製冷
2026/7/24 19:03,27.01,25.93,25.34,100,製冷
2026/7/24 19:03,27,25.9,25.23,100,製冷
2026/7/24 19:03,27,25.9,25.23,100,製冷
2026/7/24 19:03,27,25.9,25.23,100,製冷
2026/7/24 19:03,27,25.9,25.23,100,製冷
2026/7/24 19:03,26.97,25.86,25.15,100,製冷
2026/7/24 19:03,26.97,25.86,25.15,100,製冷
2026/7/24 19:03,26.97,25.86,25.15,100,製冷
2026/7/24 19:03,26.97,25.86,25.15,100,製冷
2026/7/24 19:03,26.92,25.83,25.04,100,製冷
2026/7/24 19:03,26.92,25.83,25.04,100,製冷
2026/7/24 19:03,26.92,25.83,25.04,100,製冷
2026/7/24 19:03,26.92,25.83,25.04,100,製冷
2026/7/24 19:03,26.9,25.79,24.96,100,製冷
2026/7/24 19:03,26.9,25.79,24.96,100,製冷
2026/7/24 19:03,26.9,25.79,24.96,100,製冷
2026/7/24 19:03,26.9,25.79,24.96,100,製冷
2026/7/24 19:03,26.89,25.77,24.92,100,製冷
2026/7/24 19:03,26.89,25.77,24.92,100,製冷
2026/7/24 19:03,26.89,25.77,24.92,100,製冷
2026/7/24 19:03,26.89,25.77,24.92,100,製冷
2026/7/24 19:03,26.88,25.73,24.86,100,製冷
2026/7/24 19:03,26.88,25.73,24.86,100,製冷
2026/7/24 19:03,26.88,25.73,24.86,100,製冷
2026/7/24 19:03,26.88,25.73,24.86,100,製冷
2026/7/24 19:03,26.88,25.71,24.81,100,製冷
2026/7/24 19:03,26.88,25.71,24.81,100,製冷
2026/7/24 19:03,26.88,25.71,24.81,100,製冷
2026/7/24 19:03,26.88,25.71,24.81,100,製冷
2026/7/24 19:03,26.85,25.7,24.78,100,製冷
2026/7/24 19:03,26.85,25.7,24.78,100,製冷
2026/7/24 19:03,26.85,25.7,24.78,100,製冷
2026/7/24 19:03,26.85,25.7,24.78,100,製冷
2026/7/24 19:03,26.83,25.69,24.73,100,製冷
2026/7/24 19:03,26.83,25.69,24.73,100,製冷
2026/7/24 19:03,26.83,25.69,24.73,100,製冷
2026/7/24 19:03,26.83,25.69,24.73,100,製冷
2026/7/24 19:03,26.82,25.66,24.71,100,製冷
2026/7/24 19:03,26.82,25.66,24.71,100,製冷
2026/7/24 19:03,26.82,25.66,24.71,100,製冷
2026/7/24 19:03,26.82,25.66,24.71,100,製冷
2026/7/24 19:03,26.82,25.64,24.67,100,製冷
2026/7/24 19:03,26.82,25.64,24.67,100,製冷
2026/7/24 19:03,26.82,25.64,24.67,100,製冷
2026/7/24 19:03,26.82,25.64,24.67,100,製冷
2026/7/24 19:03,26.78,25.63,24.65,100,製冷
2026/7/24 19:03,26.78,25.63,24.65,100,製冷
2026/7/24 19:03,26.78,25.63,24.65,100,製冷
2026/7/24 19:03,26.78,25.63,24.65,100,製冷
2026/7/24 19:03,26.77,25.63,24.64,100,製冷
2026/7/24 19:03,26.77,25.63,24.64,100,製冷
2026/7/24 19:03,26.77,25.63,24.64,100,製冷
2026/7/24 19:03,26.77,25.63,24.64,100,製冷
2026/7/24 19:04,26.76,25.63,24.6,100,製冷
2026/7/24 19:04,26.76,25.63,24.6,100,製冷
2026/7/24 19:04,26.76,25.63,24.6,100,製冷
2026/7/24 19:04,26.76,25.63,24.6,100,製冷
2026/7/24 19:04,26.75,25.59,24.58,100,製冷
2026/7/24 19:04,26.75,25.59,24.58,100,製冷
2026/7/24 19:04,26.75,25.59,24.58,100,製冷
2026/7/24 19:04,26.75,25.59,24.58,100,製冷
2026/7/24 19:04,26.72,25.58,24.57,100,製冷
2026/7/24 19:04,26.72,25.58,24.57,100,製冷
2026/7/24 19:04,26.72,25.58,24.57,100,製冷
2026/7/24 19:04,26.72,25.58,24.57,100,製冷
2026/7/24 19:04,26.7,25.57,24.57,100,製冷
2026/7/24 19:04,26.7,25.57,24.57,100,製冷
2026/7/24 19:04,26.7,25.57,24.57,100,製冷
2026/7/24 19:04,26.7,25.57,24.57,100,製冷
2026/7/24 19:04,26.7,25.57,24.53,100,製冷
2026/7/24 19:04,26.7,25.57,24.53,100,製冷
2026/7/24 19:04,26.7,25.57,24.53,100,製冷
2026/7/24 19:04,26.7,25.57,24.53,100,製冷
2026/7/24 19:04,26.69,25.53,24.55,100,製冷
2026/7/24 19:04,26.69,25.53,24.55,100,製冷
2026/7/24 19:04,26.69,25.53,24.55,100,製冷
2026/7/24 19:04,26.69,25.53,24.55,100,製冷
2026/7/24 19:04,26.69,25.52,24.52,100,製冷
2026/7/24 19:04,26.69,25.52,24.52,100,製冷
2026/7/24 19:04,26.69,25.52,24.52,100,製冷
2026/7/24 19:04,26.69,25.52,24.52,100,製冷
2026/7/24 19:04,26.66,25.51,24.51,100,製冷
2026/7/24 19:04,26.66,25.51,24.51,100,製冷
2026/7/24 19:04,26.66,25.51,24.51,100,製冷
2026/7/24 19:04,26.66,25.51,24.51,100,製冷
2026/7/24 19:04,26.64,25.5,24.51,100,製冷
2026/7/24 19:04,26.64,25.5,24.51,100,製冷
2026/7/24 19:04,26.64,25.5,24.51,100,製冷
2026/7/24 19:04,26.64,25.5,24.51,100,製冷
2026/7/24 19:04,26.63,25.47,24.5,100,製冷
2026/7/24 19:04,26.63,25.47,24.5,100,製冷
2026/7/24 19:04,26.63,25.47,24.5,100,製冷
2026/7/24 19:04,26.63,25.47,24.5,100,製冷
2026/7/24 19:04,26.66,25.49,24.5,100,製冷
2026/7/24 19:04,26.66,25.49,24.5,100,製冷
2026/7/24 19:04,26.66,25.49,24.5,100,製冷
2026/7/24 19:04,26.66,25.49,24.5,100,製冷
2026/7/24 19:04,26.64,25.49,24.5,100,製冷
2026/7/24 19:04,26.64,25.49,24.5,100,製冷
2026/7/24 19:04,26.64,25.49,24.5,100,製冷
2026/7/24 19:04,26.64,25.49,24.5,100,製冷
2026/7/24 19:04,26.63,25.5,24.5,100,製冷
2026/7/24 19:04,26.63,25.5,24.5,100,製冷
2026/7/24 19:04,26.63,25.5,24.5,100,製冷
2026/7/24 19:04,26.63,25.5,24.5,100,製冷
2026/7/24 19:04,26.6,25.47,24.5,100,製冷
2026/7/24 19:04,26.6,25.47,24.5,100,製冷
2026/7/24 19:04,26.6,25.47,24.5,100,製冷
2026/7/24 19:04,26.6,25.47,24.5,100,製冷
2026/7/24 19:04,26.58,25.45,24.5,100,製冷
2026/7/24 19:04,26.58,25.45,24.5,100,製冷
2026/7/24 19:04,26.58,25.45,24.5,100,製冷
2026/7/24 19:04,26.58,25.45,24.5,100,製冷
2026/7/24 19:05,26.57,25.44,24.5,100,製冷
2026/7/24 19:05,26.57,25.44,24.5,100,製冷
2026/7/24 19:05,26.57,25.44,24.5,100,製冷
2026/7/24 19:05,26.57,25.44,24.5,100,製冷
2026/7/24 19:05,26.57,25.44,24.5,100,製冷
2026/7/24 19:05,26.57,25.44,24.5,100,製冷
2026/7/24 19:05,26.57,25.44,24.5,100,製冷
2026/7/24 19:05,26.57,25.44,24.5,100,製冷
2026/7/24 19:05,26.56,25.44,24.5,100,製冷
2026/7/24 19:05,26.56,25.44,24.5,100,製冷
2026/7/24 19:05,26.56,25.44,24.5,100,製冷
2026/7/24 19:05,26.56,25.44,24.5,100,製冷
2026/7/24 19:05,26.56,25.41,24.5,100,製冷
2026/7/24 19:05,26.56,25.41,24.5,100,製冷
2026/7/24 19:05,26.56,25.41,24.5,100,製冷
2026/7/24 19:05,26.56,25.41,24.5,100,製冷
2026/7/24 19:05,26.53,25.42,24.5,100,製冷
2026/7/24 19:05,26.53,25.42,24.5,100,製冷
2026/7/24 19:05,26.53,25.42,24.5,100,製冷
2026/7/24 19:05,26.53,25.42,24.5,100,製冷
2026/7/24 19:05,26.52,25.43,24.5,100,製冷
2026/7/24 19:05,26.52,25.43,24.5,100,製冷
2026/7/24 19:05,26.52,25.43,24.5,100,製冷
2026/7/24 19:05,26.52,25.43,24.5,100,製冷
2026/7/24 19:05,26.51,25.43,24.53,100,製冷
2026/7/24 19:05,26.51,25.43,24.53,100,製冷
2026/7/24 19:05,26.51,25.43,24.53,100,製冷
2026/7/24 19:05,26.51,25.43,24.53,100,製冷
2026/7/24 19:05,26.5,25.4,24.52,100,製冷
2026/7/24 19:05,26.5,25.4,24.52,100,製冷
2026/7/24 19:05,26.5,25.4,24.52,100,製冷
2026/7/24 19:05,26.5,25.4,24.52,100,製冷
2026/7/24 19:05,26.5,25.39,24.54,100,製冷
2026/7/24 19:05,26.5,25.39,24.54,100,製冷
2026/7/24 19:05,26.5,25.39,24.54,100,製冷
2026/7/24 19:05,26.5,25.39,24.54,100,製冷
2026/7/24 19:05,26.47,25.38,24.55,100,製冷
2026/7/24 19:05,26.47,25.38,24.55,100,製冷
2026/7/24 19:05,26.47,25.38,24.55,100,製冷
2026/7/24 19:05,26.47,25.38,24.55,100,製冷
2026/7/24 19:05,26.45,25.41,24.62,100,製冷
2026/7/24 19:05,26.45,25.41,24.62,100,製冷
2026/7/24 19:05,26.45,25.41,24.62,100,製冷
2026/7/24 19:05,26.45,25.41,24.62,100,製冷
2026/7/24 19:05,26.48,25.49,24.75,100,製冷
2026/7/24 19:05,26.48,25.49,24.75,100,製冷
2026/7/24 19:05,26.48,25.49,24.75,100,製冷
2026/7/24 19:05,26.48,25.49,24.75,100,製冷
2026/7/24 19:05,26.49,25.56,24.84,100,製冷
2026/7/24 19:05,26.49,25.56,24.84,100,製冷
2026/7/24 19:05,26.49,25.56,24.84,100,製冷
2026/7/24 19:05,26.49,25.56,24.84,100,製冷
2026/7/24 19:05,26.49,25.56,24.86,100,製冷
2026/7/24 19:05,26.49,25.56,24.86,100,製冷
2026/7/24 19:05,26.49,25.56,24.86,100,製冷
2026/7/24 19:05,26.49,25.56,24.86,100,製冷
2026/7/24 19:05,26.5,25.59,24.87,100,製冷
2026/7/24 19:05,26.5,25.59,24.87,100,製冷
2026/7/24 19:05,26.5,25.59,24.87,100,製冷
2026/7/24 19:05,26.5,25.59,24.87,100,製冷
2026/7/24 19:06,26.5,25.61,24.87,100,製冷
2026/7/24 19:06,26.5,25.61,24.87,100,製冷
2026/7/24 19:06,26.5,25.61,24.87,100,製冷
2026/7/24 19:06,26.5,25.61,24.87,100,製冷
2026/7/24 19:06,26.5,25.59,24.87,100,製冷
2026/7/24 19:06,26.5,25.59,24.87,100,製冷
2026/7/24 19:06,26.5,25.59,24.87,100,製冷
2026/7/24 19:06,26.5,25.59,24.87,100,製冷
2026/7/24 19:06,26.5,25.61,24.87,100,製冷
2026/7/24 19:06,26.5,25.61,24.87,100,製冷
2026/7/24 19:06,26.5,25.61,24.87,100,製冷
2026/7/24 19:06,26.5,25.61,24.87,100,製冷
2026/7/24 19:06,26.5,25.58,24.87,100,製冷
2026/7/24 19:06,26.5,25.58,24.87,100,製冷
2026/7/24 19:06,26.5,25.58,24.87,100,製冷
2026/7/24 19:06,26.5,25.58,24.87,100,製冷
2026/7/24 19:06,26.5,25.57,24.87,100,製冷
2026/7/24 19:06,26.5,25.57,24.87,100,製冷
2026/7/24 19:06,26.5,25.57,24.87,100,製冷
2026/7/24 19:06,26.5,25.57,24.87,100,製冷
2026/7/24 19:06,26.5,25.57,24.91,100,製冷
2026/7/24 19:06,26.5,25.57,24.91,100,製冷
2026/7/24 19:06,26.5,25.57,24.91,100,製冷
2026/7/24 19:06,26.5,25.57,24.91,100,製冷
2026/7/24 19:06,26.5,25.57,24.92,100,製冷
2026/7/24 19:06,26.5,25.57,24.92,100,製冷
2026/7/24 19:06,26.5,25.57,24.92,100,製冷
2026/7/24 19:06,26.5,25.57,24.92,100,製冷
2026/7/24 19:06,26.5,25.56,24.93,100,製冷
2026/7/24 19:06,26.5,25.56,24.93,100,製冷
2026/7/24 19:06,26.5,25.56,24.93,100,製冷
2026/7/24 19:06,26.5,25.56,24.93,100,製冷
2026/7/24 19:06,26.47,25.56,24.93,100,製冷
2026/7/24 19:06,26.47,25.56,24.93,100,製冷
2026/7/24 19:06,26.47,25.56,24.93,100,製冷
2026/7/24 19:06,26.47,25.56,24.93,100,製冷
2026/7/24 19:06,26.45,25.56,24.94,100,製冷
2026/7/24 19:06,26.45,25.56,24.94,100,製冷
2026/7/24 19:06,26.45,25.56,24.94,100,製冷
2026/7/24 19:06,26.45,25.56,24.94,100,製冷
2026/7/24 19:06,26.48,25.56,24.97,100,製冷
2026/7/24 19:06,26.48,25.56,24.97,100,製冷
2026/7/24 19:06,26.48,25.56,24.97,100,製冷
2026/7/24 19:06,26.48,25.56,24.97,100,製冷
2026/7/24 19:06,26.46,25.56,24.95,100,製冷
2026/7/24 19:06,26.46,25.56,24.95,100,製冷
2026/7/24 19:06,26.46,25.56,24.95,100,製冷
2026/7/24 19:06,26.46,25.56,24.95,100,製冷
2026/7/24 19:06,26.45,25.56,24.95,100,製冷
2026/7/24 19:06,26.45,25.56,24.95,100,製冷
2026/7/24 19:06,26.45,25.56,24.95,100,製冷
2026/7/24 19:06,26.45,25.56,24.95,100,製冷
2026/7/24 19:06,26.47,25.56,24.97,100,製冷
2026/7/24 19:06,26.47,25.56,24.97,100,製冷
2026/7/24 19:06,26.47,25.56,24.97,100,製冷
2026/7/24 19:06,26.47,25.56,24.97,100,製冷
2026/7/24 19:06,26.46,25.56,24.96,100,製冷
2026/7/24 19:06,26.46,25.56,24.96,100,製冷
2026/7/24 19:06,26.46,25.56,24.96,100,製冷
2026/7/24 19:06,26.46,25.56,24.96,100,製冷
2026/7/24 19:07,26.45,25.53,24.95,100,製冷
2026/7/24 19:07,26.45,25.53,24.95,100,製冷
2026/7/24 19:07,26.45,25.53,24.95,100,製冷
2026/7/24 19:07,26.45,25.53,24.95,100,製冷
2026/7/24 19:07,26.47,25.52,24.97,100,製冷
2026/7/24 19:07,26.47,25.52,24.97,100,製冷
2026/7/24 19:07,26.47,25.52,24.97,100,製冷
2026/7/24 19:07,26.47,25.52,24.97,100,製冷
2026/7/24 19:07,26.49,25.51,24.99,100,製冷
2026/7/24 19:07,26.49,25.51,24.99,100,製冷
2026/7/24 19:07,26.49,25.51,24.99,100,製冷
2026/7/24 19:07,26.49,25.51,24.99,100,製冷
2026/7/24 19:07,26.46,25.54,24.99,100,製冷
2026/7/24 19:07,26.46,25.54,24.99,100,製冷
2026/7/24 19:07,26.46,25.54,24.99,100,製冷
2026/7/24 19:07,26.46,25.54,24.99,100,製冷
2026/7/24 19:07,26.48,25.55,25,100,製冷
2026/7/24 19:07,26.48,25.55,25,100,製冷
2026/7/24 19:07,26.48,25.55,25,100,製冷
2026/7/24 19:07,26.48,25.55,25,100,製冷
2026/7/24 19:07,26.49,25.52,25,100,製冷
2026/7/24 19:07,26.49,25.52,25,100,製冷
2026/7/24 19:07,26.49,25.52,25,100,製冷
2026/7/24 19:07,26.49,25.52,25,100,製冷
2026/7/24 19:07,26.5,25.51,25,100,製冷
2026/7/24 19:07,26.5,25.51,25,100,製冷
2026/7/24 19:07,26.5,25.51,25,100,製冷
2026/7/24 19:07,26.5,25.51,25,100,製冷
2026/7/24 19:07,26.5,25.51,24.97,100,製冷
2026/7/24 19:07,26.5,25.51,24.97,100,製冷
2026/7/24 19:07,26.5,25.51,24.97,100,製冷
2026/7/24 19:07,26.5,25.51,24.97,100,製冷
2026/7/24 19:07,26.5,25.53,24.98,100,製冷
2026/7/24 19:07,26.5,25.53,24.98,100,製冷
2026/7/24 19:07,26.5,25.53,24.98,100,製冷
2026/7/24 19:07,26.5,25.53,24.98,100,製冷
2026/7/24 19:07,26.5,25.55,24.96,100,製冷
2026/7/24 19:07,26.5,25.55,24.96,100,製冷
2026/7/24 19:07,26.5,25.55,24.96,100,製冷
2026/7/24 19:07,26.5,25.55,24.96,100,製冷
2026/7/24 19:07,26.5,25.56,24.98,100,製冷
2026/7/24 19:07,26.5,25.56,24.98,100,製冷
2026/7/24 19:07,26.5,25.56,24.98,100,製冷
2026/7/24 19:07,26.5,25.56,24.98,100,製冷
2026/7/24 19:07,26.5,25.56,24.99,100,製冷
2026/7/24 19:07,26.5,25.56,24.99,100,製冷
2026/7/24 19:07,26.5,25.56,24.99,100,製冷
2026/7/24 19:07,26.5,25.56,24.99,100,製冷
2026/7/24 19:07,26.5,25.53,25,100,製冷
2026/7/24 19:07,26.5,25.53,25,100,製冷
2026/7/24 19:07,26.5,25.53,25,100,製冷
2026/7/24 19:07,26.5,25.53,25,100,製冷
2026/7/24 19:07,26.5,25.55,25,100,製冷
2026/7/24 19:07,26.5,25.55,25,100,製冷
2026/7/24 19:07,26.5,25.55,25,100,製冷
2026/7/24 19:07,26.5,25.55,25,100,製冷
2026/7/24 19:07,26.5,25.52,25.03,100,製冷
2026/7/24 19:07,26.5,25.52,25.03,100,製冷
2026/7/24 19:07,26.5,25.52,25.03,100,製冷
2026/7/24 19:07,26.5,25.52,25.03,100,製冷
2026/7/24 19:08,26.5,25.54,25.02,100,製冷
2026/7/24 19:08,26.5,25.54,25.02,100,製冷
2026/7/24 19:08,26.5,25.54,25.02,100,製冷
2026/7/24 19:08,26.5,25.54,25.02,100,製冷
2026/7/24 19:08,26.5,25.55,25.04,100,製冷
2026/7/24 19:08,26.5,25.55,25.04,100,製冷
2026/7/24 19:08,26.5,25.55,25.04,100,製冷
2026/7/24 19:08,26.5,25.55,25.04,100,製冷
2026/7/24 19:08,26.5,25.56,25.02,100,製冷
2026/7/24 19:08,26.5,25.56,25.02,100,製冷
2026/7/24 19:08,26.5,25.56,25.02,100,製冷
2026/7/24 19:08,26.5,25.56,25.02,100,製冷
2026/7/24 19:08,26.5,25.56,25.04,100,製冷
2026/7/24 19:08,26.5,25.56,25.04,100,製冷
2026/7/24 19:08,26.5,25.56,25.04,100,製冷
2026/7/24 19:08,26.5,25.56,25.04,100,製冷
2026/7/24 19:08,26.5,25.53,25.02,100,製冷
2026/7/24 19:08,26.5,25.53,25.02,100,製冷
2026/7/24 19:08,26.5,25.53,25.02,100,製冷
2026/7/24 19:08,26.5,25.53,25.02,100,製冷
2026/7/24 19:08,26.5,25.52,25.04,100,製冷
2026/7/24 19:08,26.5,25.52,25.04,100,製冷
2026/7/24 19:08,26.5,25.52,25.04,100,製冷
2026/7/24 19:08,26.5,25.52,25.04,100,製冷
2026/7/24 19:08,26.5,25.51,25.02,100,製冷
2026/7/24 19:08,26.5,25.51,25.02,100,製冷
2026/7/24 19:08,26.5,25.51,25.02,100,製冷
2026/7/24 19:08,26.5,25.51,25.02,100,製冷
2026/7/24 19:08,26.5,25.5,25.04,100,製冷
2026/7/24 19:08,26.5,25.5,25.04,100,製冷
2026/7/24 19:08,26.5,25.5,25.04,100,製冷
2026/7/24 19:08,26.5,25.5,25.04,100,製冷
2026/7/24 19:08,26.5,25.5,25.02,100,製冷
2026/7/24 19:08,26.5,25.5,25.02,100,製冷
2026/7/24 19:08,26.5,25.5,25.02,100,製冷
2026/7/24 19:08,26.5,25.5,25.02,100,製冷
2026/7/24 19:08,26.5,25.5,25.01,100,製冷
2026/7/24 19:08,26.5,25.5,25.01,100,製冷
2026/7/24 19:08,26.5,25.5,25.01,100,製冷
2026/7/24 19:08,26.5,25.5,25.01,100,製冷
2026/7/24 19:08,26.5,25.5,25.01,100,製冷
2026/7/24 19:08,26.5,25.5,25.01,100,製冷
2026/7/24 19:08,26.5,25.5,25.01,100,製冷
2026/7/24 19:08,26.5,25.5,25.01,100,製冷
2026/7/24 19:08,26.47,25.5,25.03,100,製冷
2026/7/24 19:08,26.47,25.5,25.03,100,製冷
2026/7/24 19:08,26.47,25.5,25.03,100,製冷
2026/7/24 19:08,26.47,25.5,25.03,100,製冷
2026/7/24 19:08,26.45,25.5,25.02,100,製冷
2026/7/24 19:08,26.45,25.5,25.02,100,製冷
2026/7/24 19:08,26.45,25.5,25.02,100,製冷
2026/7/24 19:08,26.45,25.5,25.02,100,製冷
2026/7/24 19:08,26.48,25.5,25.04,100,製冷
2026/7/24 19:08,26.48,25.5,25.04,100,製冷
2026/7/24 19:08,26.48,25.5,25.04,100,製冷
2026/7/24 19:08,26.48,25.5,25.04,100,製冷
2026/7/24 19:08,26.49,25.5,25.05,100,製冷
2026/7/24 19:08,26.49,25.5,25.05,100,製冷
2026/7/24 19:08,26.49,25.5,25.05,100,製冷
2026/7/24 19:08,26.49,25.5,25.05,100,製冷
2026/7/24 19:09,26.46,25.5,25.06,100,製冷
2026/7/24 19:09,26.46,25.5,25.06,100,製冷
2026/7/24 19:09,26.46,25.5,25.06,100,製冷
2026/7/24 19:09,26.46,25.5,25.06,100,製冷
2026/7/24 19:09,26.48,25.5,25.06,100,製冷
2026/7/24 19:09,26.48,25.5,25.06,100,製冷
2026/7/24 19:09,26.48,25.5,25.06,100,製冷
2026/7/24 19:09,26.48,25.5,25.06,100,製冷
2026/7/24 19:09,26.49,25.5,25.09,100,製冷
2026/7/24 19:09,26.49,25.5,25.09,100,製冷
2026/7/24 19:09,26.49,25.5,25.09,100,製冷
2026/7/24 19:09,26.49,25.5,25.09,100,製冷
2026/7/24 19:09,26.5,25.5,25.08,100,製冷
2026/7/24 19:09,26.5,25.5,25.08,100,製冷
2026/7/24 19:09,26.5,25.5,25.08,100,製冷
2026/7/24 19:09,26.5,25.5,25.08,100,製冷
2026/7/24 19:09,26.5,25.5,25.07,100,製冷
2026/7/24 19:09,26.5,25.5,25.07,100,製冷
2026/7/24 19:09,26.5,25.5,25.07,100,製冷
2026/7/24 19:09,26.5,25.5,25.07,100,製冷
2026/7/24 19:09,26.5,25.5,25.07,100,製冷
2026/7/24 19:09,26.5,25.5,25.07,100,製冷
2026/7/24 19:09,26.5,25.5,25.07,100,製冷
2026/7/24 19:09,26.5,25.5,25.07,100,製冷
2026/7/24 19:09,26.47,25.47,25.06,100,製冷
2026/7/24 19:09,26.47,25.47,25.06,100,製冷
2026/7/24 19:09,26.47,25.47,25.06,100,製冷
2026/7/24 19:09,26.47,25.47,25.06,100,製冷
2026/7/24 19:09,26.45,25.45,25.03,100,製冷
2026/7/24 19:09,26.45,25.45,25.03,100,製冷
2026/7/24 19:09,26.45,25.45,25.03,100,製冷
2026/7/24 19:09,26.45,25.45,25.03,100,製冷
2026/7/24 19:09,26.45,25.45,25.02,100,製冷
2026/7/24 19:09,26.45,25.45,25.02,100,製冷
2026/7/24 19:09,26.45,25.45,25.02,100,製冷
2026/7/24 19:09,26.45,25.45,25.02,100,製冷
2026/7/24 19:09,26.44,25.47,25.04,100,製冷
2026/7/24 19:09,26.44,25.47,25.04,100,製冷
2026/7/24 19:09,26.44,25.47,25.04,100,製冷
2026/7/24 19:09,26.44,25.47,25.04,100,製冷
2026/7/24 19:09,26.44,25.46,25.02,100,製冷
2026/7/24 19:09,26.44,25.46,25.02,100,製冷
2026/7/24 19:09,26.44,25.46,25.02,100,製冷
2026/7/24 19:09,26.44,25.46,25.02,100,製冷
2026/7/24 19:09,26.44,25.45,25.01,100,製冷
2026/7/24 19:09,26.44,25.45,25.01,100,製冷
2026/7/24 19:09,26.44,25.45,25.01,100,製冷
2026/7/24 19:09,26.44,25.45,25.01,100,製冷
2026/7/24 19:09,26.41,25.44,25,100,製冷
2026/7/24 19:09,26.41,25.44,25,100,製冷
2026/7/24 19:09,26.41,25.44,25,100,製冷
2026/7/24 19:09,26.41,25.44,25,100,製冷
2026/7/24 19:09,26.39,25.44,25,100,製冷
2026/7/24 19:09,26.39,25.44,25,100,製冷
2026/7/24 19:09,26.39,25.44,25,100,製冷
2026/7/24 19:09,26.39,25.44,25,100,製冷
2026/7/24 19:09,26.38,25.41,25,100,製冷
2026/7/24 19:09,26.38,25.41,25,100,製冷
2026/7/24 19:09,26.38,25.41,25,100,製冷
2026/7/24 19:09,26.38,25.41,25,100,製冷
2026/7/24 19:10,26.38,25.39,25,100,製冷
2026/7/24 19:10,26.38,25.39,25,100,製冷
2026/7/24 19:10,26.38,25.39,25,100,製冷
2026/7/24 19:10,26.38,25.39,25,100,製冷
2026/7/24 19:10,26.38,25.38,25,100,製冷
2026/7/24 19:10,26.38,25.38,25,100,製冷
2026/7/24 19:10,26.38,25.38,25,100,製冷
2026/7/24 19:10,26.38,25.38,25,100,製冷
2026/7/24 19:10,26.38,25.38,25,100,製冷
2026/7/24 19:10,26.38,25.38,25,100,製冷
2026/7/24 19:10,26.38,25.38,25,100,製冷
2026/7/24 19:10,26.38,25.38,25,100,製冷
2026/7/24 19:10,26.34,25.38,25,100,製冷
2026/7/24 19:10,26.34,25.38,25,100,製冷
2026/7/24 19:10,26.34,25.38,25,100,製冷
2026/7/24 19:10,26.34,25.38,25,100,製冷
2026/7/24 19:10,26.33,25.38,25,100,製冷
2026/7/24 19:10,26.33,25.38,25,100,製冷
2026/7/24 19:10,26.33,25.38,25,100,製冷
2026/7/24 19:10,26.33,25.38,25,100,製冷
2026/7/24 19:10,26.32,25.38,25,100,製冷
2026/7/24 19:10,26.32,25.38,25,100,製冷
2026/7/24 19:10,26.32,25.38,25,100,製冷
2026/7/24 19:10,26.32,25.38,25,100,製冷
2026/7/24 19:10,26.32,25.38,25,100,製冷
2026/7/24 19:10,26.32,25.38,25,100,製冷
2026/7/24 19:10,26.32,25.38,25,100,製冷
2026/7/24 19:10,26.32,25.38,25,100,製冷
2026/7/24 19:10,26.31,25.38,25,100,製冷
2026/7/24 19:10,26.31,25.38,25,100,製冷
2026/7/24 19:10,26.31,25.38,25,100,製冷
2026/7/24 19:10,26.31,25.38,25,100,製冷
2026/7/24 19:10,26.31,25.38,25,100,製冷
2026/7/24 19:10,26.31,25.38,25,100,製冷
2026/7/24 19:10,26.31,25.38,25,100,製冷
2026/7/24 19:10,26.31,25.38,25,100,製冷
2026/7/24 19:10,26.31,25.38,25,100,製冷
2026/7/24 19:10,26.31,25.38,25,100,製冷
2026/7/24 19:10,26.31,25.38,25,100,製冷
2026/7/24 19:10,26.31,25.38,25,100,製冷
2026/7/24 19:10,26.31,25.38,25,100,製冷
2026/7/24 19:10,26.31,25.38,25,100,製冷
2026/7/24 19:10,26.31,25.38,25,100,製冷
2026/7/24 19:10,26.31,25.38,25,100,製冷
2026/7/24 19:10,26.28,25.34,25,100,製冷
2026/7/24 19:10,26.28,25.34,25,100,製冷
2026/7/24 19:10,26.28,25.34,25,100,製冷
2026/7/24 19:10,26.28,25.34,25,100,製冷
2026/7/24 19:10,26.3,25.36,25,100,製冷
2026/7/24 19:10,26.3,25.36,25,100,製冷
2026/7/24 19:10,26.3,25.36,25,100,製冷
2026/7/24 19:10,26.3,25.36,25,100,製冷
2026/7/24 19:10,26.27,25.34,25,100,製冷
2026/7/24 19:10,26.27,25.34,25,100,製冷
2026/7/24 19:10,26.27,25.34,25,100,製冷
2026/7/24 19:10,26.27,25.34,25,100,製冷
2026/7/24 19:10,26.26,25.36,25,100,製冷
2026/7/24 19:10,26.26,25.36,25,100,製冷
2026/7/24 19:10,26.26,25.36,25,100,製冷
2026/7/24 19:10,26.26,25.36,25,100,製冷
2026/7/24 19:11,26.26,25.33,25,100,製冷
2026/7/24 19:11,26.26,25.33,25,100,製冷
2026/7/24 19:11,26.26,25.33,25,100,製冷
2026/7/24 19:11,26.26,25.33,25,100,製冷
2026/7/24 19:11,26.25,25.32,25,100,製冷
2026/7/24 19:11,26.25,25.32,25,100,製冷
2026/7/24 19:11,26.25,25.32,25,100,製冷
2026/7/24 19:11,26.25,25.32,25,100,製冷
2026/7/24 19:11,26.25,25.32,25,100,製冷
2026/7/24 19:11,26.25,25.32,25,100,製冷
2026/7/24 19:11,26.25,25.32,25,100,製冷
2026/7/24 19:11,26.25,25.32,25,100,製冷
2026/7/24 19:11,26.25,25.32,25.03,100,製冷
2026/7/24 19:11,26.25,25.32,25.03,100,製冷
2026/7/24 19:11,26.25,25.32,25.03,100,製冷
2026/7/24 19:11,26.25,25.32,25.03,100,製冷
2026/7/24 19:11,26.22,25.31,25.05,100,製冷
2026/7/24 19:11,26.22,25.31,25.05,100,製冷
2026/7/24 19:11,26.22,25.31,25.05,100,製冷
2026/7/24 19:11,26.22,25.31,25.05,100,製冷
2026/7/24 19:11,26.2,25.31,25.05,100,製冷
2026/7/24 19:11,26.2,25.31,25.05,100,製冷
2026/7/24 19:11,26.2,25.31,25.05,100,製冷
2026/7/24 19:11,26.2,25.31,25.05,100,製冷
2026/7/24 19:11,26.23,25.31,25.06,100,製冷
2026/7/24 19:11,26.23,25.31,25.06,100,製冷
2026/7/24 19:11,26.23,25.31,25.06,100,製冷
2026/7/24 19:11,26.23,25.31,25.06,100,製冷
2026/7/24 19:11,26.21,25.31,25.06,100,製冷
2026/7/24 19:11,26.21,25.31,25.06,100,製冷
2026/7/24 19:11,26.21,25.31,25.06,100,製冷
2026/7/24 19:11,26.21,25.31,25.06,100,製冷
2026/7/24 19:11,26.2,25.31,25.09,100,製冷
2026/7/24 19:11,26.2,25.31,25.09,100,製冷
2026/7/24 19:11,26.2,25.31,25.09,100,製冷
2026/7/24 19:11,26.2,25.31,25.09,100,製冷
2026/7/24 19:11,26.19,25.31,25.08,100,製冷
2026/7/24 19:11,26.19,25.31,25.08,100,製冷
2026/7/24 19:11,26.19,25.31,25.08,100,製冷
2026/7/24 19:11,26.19,25.31,25.08,100,製冷
2026/7/24 19:11,26.19,25.31,25.07,100,製冷
2026/7/24 19:11,26.19,25.31,25.07,100,製冷
2026/7/24 19:11,26.19,25.31,25.07,100,製冷
2026/7/24 19:11,26.19,25.31,25.07,100,製冷
2026/7/24 19:11,26.19,25.31,25.1,100,製冷
2026/7/24 19:11,26.19,25.31,25.1,100,製冷
2026/7/24 19:11,26.19,25.31,25.1,100,製冷
2026/7/24 19:11,26.19,25.31,25.1,100,製冷
2026/7/24 19:11,26.19,25.28,25.11,100,製冷
2026/7/24 19:11,26.19,25.28,25.11,100,製冷
2026/7/24 19:11,26.19,25.28,25.11,100,製冷
2026/7/24 19:11,26.19,25.28,25.11,100,製冷
2026/7/24 19:11,26.16,25.3,25.12,100,製冷
2026/7/24 19:11,26.16,25.3,25.12,100,製冷
2026/7/24 19:11,26.16,25.3,25.12,100,製冷
2026/7/24 19:11,26.16,25.3,25.12,100,製冷
2026/7/24 19:11,26.17,25.3,25.12,100,製冷
2026/7/24 19:11,26.17,25.3,25.12,100,製冷
2026/7/24 19:11,26.17,25.3,25.12,100,製冷
2026/7/24 19:11,26.17,25.3,25.12,100,製冷
2026/7/24 19:12,26.15,25.28,25.09,100,製冷
2026/7/24 19:12,26.15,25.28,25.09,100,製冷
2026/7/24 19:12,26.15,25.28,25.09,100,製冷
2026/7/24 19:12,26.15,25.28,25.09,100,製冷
2026/7/24 19:12,26.14,25.26,25.08,100,製冷
2026/7/24 19:12,26.14,25.26,25.08,100,製冷
2026/7/24 19:12,26.14,25.26,25.08,100,製冷
2026/7/24 19:12,26.14,25.26,25.08,100,製冷
2026/7/24 19:12,26.13,25.29,25.07,100,製冷
2026/7/24 19:12,26.13,25.29,25.07,100,製冷
2026/7/24 19:12,26.13,25.29,25.07,100,製冷
2026/7/24 19:12,26.13,25.29,25.07,100,製冷
2026/7/24 19:12,26.13,25.3,25.07,100,製冷
2026/7/24 19:12,26.13,25.3,25.07,100,製冷
2026/7/24 19:12,26.13,25.3,25.07,100,製冷
2026/7/24 19:12,26.13,25.3,25.07,100,製冷
2026/7/24 19:12,26.13,25.31,25.06,100,製冷
2026/7/24 19:12,26.13,25.31,25.06,100,製冷
2026/7/24 19:12,26.13,25.31,25.06,100,製冷
2026/7/24 19:12,26.13,25.31,25.06,100,製冷
2026/7/24 19:12,26.13,25.28,25.06,100,製冷
2026/7/24 19:12,26.13,25.28,25.06,100,製冷
2026/7/24 19:12,26.13,25.28,25.06,100,製冷
2026/7/24 19:12,26.13,25.28,25.06,100,製冷
2026/7/24 19:12,26.13,25.26,25.06,100,製冷
2026/7/24 19:12,26.13,25.26,25.06,100,製冷
2026/7/24 19:12,26.13,25.26,25.06,100,製冷
2026/7/24 19:12,26.13,25.26,25.06,100,製冷
2026/7/24 19:12,26.13,25.29,25.03,100,製冷
2026/7/24 19:12,26.13,25.29,25.03,100,製冷
2026/7/24 19:12,26.13,25.29,25.03,100,製冷
2026/7/24 19:12,26.13,25.29,25.03,100,製冷
2026/7/24 19:12,26.13,25.3,25.05,100,製冷
2026/7/24 19:12,26.13,25.3,25.05,100,製冷
2026/7/24 19:12,26.13,25.3,25.05,100,製冷
2026/7/24 19:12,26.13,25.3,25.05,100,製冷
2026/7/24 19:12,26.09,25.28,25.05,100,製冷
2026/7/24 19:12,26.09,25.28,25.05,100,製冷
2026/7/24 19:12,26.09,25.28,25.05,100,製冷
2026/7/24 19:12,26.09,25.28,25.05,100,製冷
2026/7/24 19:12,26.11,25.26,25.06,100,製冷
2026/7/24 19:12,26.11,25.26,25.06,100,製冷
2026/7/24 19:12,26.11,25.26,25.06,100,製冷
2026/7/24 19:12,26.11,25.26,25.06,100,製冷
2026/7/24 19:12,26.09,25.26,25.03,100,製冷
2026/7/24 19:12,26.09,25.26,25.03,100,製冷
2026/7/24 19:12,26.09,25.26,25.03,100,製冷
2026/7/24 19:12,26.09,25.26,25.03,100,製冷
2026/7/24 19:12,26.11,25.25,25.01,100,製冷
2026/7/24 19:12,26.11,25.25,25.01,100,製冷
2026/7/24 19:12,26.11,25.25,25.01,100,製冷
2026/7/24 19:12,26.11,25.25,25.01,100,製冷
2026/7/24 19:12,26.12,25.25,25.01,100,製冷
2026/7/24 19:12,26.12,25.25,25.01,100,製冷
2026/7/24 19:12,26.12,25.25,25.01,100,製冷
2026/7/24 19:12,26.12,25.25,25.01,100,製冷
2026/7/24 19:12,26.09,25.25,25.03,100,製冷
2026/7/24 19:12,26.09,25.25,25.03,100,製冷
2026/7/24 19:12,26.09,25.25,25.03,100,製冷
2026/7/24 19:12,26.09,25.25,25.03,100,製冷
2026/7/24 19:13,26.08,25.25,25.02,100,製冷
2026/7/24 19:13,26.08,25.25,25.02,100,製冷
2026/7/24 19:13,26.08,25.25,25.02,100,製冷
2026/7/24 19:13,26.08,25.25,25.02,100,製冷
2026/7/24 19:13,26.07,25.22,25.04,100,製冷
2026/7/24 19:13,26.07,25.22,25.04,100,製冷
2026/7/24 19:13,26.07,25.22,25.04,100,製冷
2026/7/24 19:13,26.07,25.22,25.04,100,製冷
2026/7/24 19:13,26.07,25.23,25.02,100,製冷
2026/7/24 19:13,26.07,25.23,25.02,100,製冷
2026/7/24 19:13,26.07,25.23,25.02,100,製冷
2026/7/24 19:13,26.07,25.23,25.02,100,製冷
2026/7/24 19:13,26.06,25.21,25.01,100,製冷
2026/7/24 19:13,26.06,25.21,25.01,100,製冷
2026/7/24 19:13,26.06,25.21,25.01,100,製冷
2026/7/24 19:13,26.06,25.21,25.01,100,製冷
2026/7/24 19:13,26.06,25.2,25,100,製冷
2026/7/24 19:13,26.06,25.2,25,100,製冷
2026/7/24 19:13,26.06,25.2,25,100,製冷
2026/7/24 19:13,26.06,25.2,25,100,製冷
2026/7/24 19:13,26.03,25.19,25,100,製冷
2026/7/24 19:13,26.03,25.19,25,100,製冷
2026/7/24 19:13,26.03,25.19,25,100,製冷
2026/7/24 19:13,26.03,25.19,25,100,製冷
2026/7/24 19:13,26.02,25.19,25,100,製冷
2026/7/24 19:13,26.02,25.19,25,100,製冷
2026/7/24 19:13,26.02,25.19,25,100,製冷
2026/7/24 19:13,26.02,25.19,25,100,製冷
2026/7/24 19:13,26.01,25.19,25,100,製冷
2026/7/24 19:13,26.01,25.19,25,100,製冷
2026/7/24 19:13,26.01,25.19,25,100,製冷
2026/7/24 19:13,26.01,25.19,25,100,製冷
2026/7/24 19:13,26,25.16,25,100,製冷
2026/7/24 19:13,26,25.16,25,100,製冷
2026/7/24 19:13,26,25.16,25,100,製冷
2026/7/24 19:13,26,25.16,25,100,製冷
2026/7/24 19:13,26,25.14,25,100,製冷
2026/7/24 19:13,26,25.14,25,100,製冷
2026/7/24 19:13,26,25.14,25,100,製冷
2026/7/24 19:13,26,25.14,25,100,製冷
2026/7/24 19:13,26,25.13,25,100,製冷
2026/7/24 19:13,26,25.13,25,100,製冷
2026/7/24 19:13,25.98,25.13,25,100,製冷
2026/7/24 19:13,25.98,25.13,25,100,製冷
2026/7/24 19:13,25.98,25.13,25,100,製冷
2026/7/24 19:13,25.98,25.13,25,100,製冷
2026/7/24 19:13,25.98,25.13,25,100,製冷
2026/7/24 19:13,25.98,25.13,25,100,製冷
2026/7/24 19:14,25.98,25.13,25,100,製冷
2026/7/24 19:14,25.98,25.13,25,100,製冷
2026/7/24 19:14,25.98,25.13,25,100,製冷
2026/7/24 19:14,25.98,25.13,25,100,製冷
2026/7/24 19:14,25.98,25.13,25,100,製冷
2026/7/24 19:14,25.98,25.13,25,100,製冷
2026/7/24 19:14,25.96,25.09,24.97,100,製冷
2026/7/24 19:14,25.96,25.09,24.97,100,製冷
2026/7/24 19:14,25.96,25.09,24.97,100,製冷
2026/7/24 19:14,25.96,25.09,24.97,100,製冷
2026/7/24 19:14,25.96,25.09,24.97,100,製冷
2026/7/24 19:14,25.96,25.09,24.97,100,製冷
2026/7/24 19:14,25.96,25.09,24.97,100,製冷
2026/7/24 19:14,25.96,25.09,24.97,100,製冷
2026/7/24 19:14,25.96,25.09,24.97,100,製冷
2026/7/24 19:14,25.95,25.08,24.95,100,製冷
2026/7/24 19:14,25.95,25.08,24.95,100,製冷
2026/7/24 19:14,25.95,25.08,24.95,100,製冷
2026/7/24 19:14,25.95,25.08,24.95,100,製冷
2026/7/24 19:14,25.94,25.07,24.95,100,製冷
2026/7/24 19:14,25.94,25.07,24.95,100,製冷
2026/7/24 19:14,25.94,25.07,24.95,100,製冷
2026/7/24 19:14,25.94,25.07,24.95,100,製冷
2026/7/24 19:14,25.94,25.07,24.94,100,製冷
2026/7/24 19:14,25.94,25.07,24.94,100,製冷
2026/7/24 19:14,25.94,25.07,24.94,100,製冷
2026/7/24 19:14,25.94,25.07,24.94,100,製冷
2026/7/24 19:14,25.94,25.06,24.94,100,製冷
2026/7/24 19:14,25.94,25.06,24.94,100,製冷
2026/7/24 19:14,25.94,25.06,24.94,100,製冷
2026/7/24 19:14,25.94,25.06,24.94,100,製冷
2026/7/24 19:14,25.91,25.06,24.94,100,製冷
2026/7/24 19:14,25.91,25.06,24.94,100,製冷
2026/7/24 19:14,25.91,25.06,24.94,100,製冷
2026/7/24 19:14,25.91,25.06,24.94,100,製冷
2026/7/24 19:14,25.92,25.06,24.94,100,製冷
2026/7/24 19:14,25.92,25.06,24.94,100,製冷
2026/7/24 19:14,25.92,25.06,24.94,100,製冷
2026/7/24 19:14,25.92,25.06,24.94,100,製冷
2026/7/24 19:14,25.9,25.06,24.91,100,製冷
2026/7/24 19:14,25.9,25.06,24.91,100,製冷
2026/7/24 19:14,25.9,25.06,24.91,100,製冷
2026/7/24 19:14,25.9,25.06,24.91,100,製冷
2026/7/24 19:14,25.89,25.06,24.92,100,製冷
2026/7/24 19:14,25.89,25.06,24.92,100,製冷
2026/7/24 19:14,25.89,25.06,24.92,100,製冷
2026/7/24 19:14,25.89,25.06,24.92,100,製冷
2026/7/24 19:14,25.88,25.06,24.9,100,製冷
2026/7/24 19:14,25.88,25.06,24.9,100,製冷
2026/7/24 19:14,25.88,25.06,24.9,100,製冷
2026/7/24 19:14,25.88,25.06,24.9,100,製冷
2026/7/24 19:14,25.88,25.06,24.92,100,製冷
2026/7/24 19:14,25.88,25.06,24.92,100,製冷
2026/7/24 19:14,25.88,25.06,24.92,100,製冷
2026/7/24 19:14,25.88,25.06,24.92,100,製冷
2026/7/24 19:14,25.88,25.06,24.9,100,製冷
2026/7/24 19:14,25.88,25.06,24.9,100,製冷
2026/7/24 19:14,25.88,25.06,24.9,100,製冷
2026/7/24 19:14,25.88,25.06,24.9,100,製冷
2026/7/24 19:14,25.88,25.06,24.92,100,製冷
2026/7/24 19:14,25.88,25.06,24.92,100,製冷
2026/7/24 19:14,25.88,25.06,24.92,100,製冷
2026/7/24 19:14,25.88,25.06,24.92,100,製冷
2026/7/24 19:14,25.88,25.06,24.9,100,製冷
2026/7/24 19:14,25.88,25.06,24.9,100,製冷
2026/7/24 19:14,25.88,25.06,24.9,100,製冷
2026/7/24 19:14,25.88,25.06,24.9,100,製冷
2026/7/24 19:14,25.84,25.06,24.92,100,製冷
2026/7/24 19:14,25.84,25.06,24.92,100,製冷
2026/7/24 19:14,25.84,25.06,24.92,100,製冷
2026/7/24 19:14,25.84,25.06,24.92,100,製冷
2026/7/24 19:15,25.83,25.03,24.93,100,製冷
2026/7/24 19:15,25.83,25.03,24.93,100,製冷
2026/7/24 19:15,25.83,25.03,24.93,100,製冷
2026/7/24 19:15,25.83,25.03,24.93,100,製冷
2026/7/24 19:15,25.82,25.02,24.93,100,製冷
2026/7/24 19:15,25.82,25.02,24.93,100,製冷
2026/7/24 19:15,25.82,25.02,24.93,100,製冷
2026/7/24 19:15,25.82,25.02,24.93,100,製冷
2026/7/24 19:15,25.82,25.01,24.93,100,製冷
2026/7/24 19:15,25.82,25.01,24.93,100,製冷
2026/7/24 19:15,25.82,25.01,24.93,100,製冷
2026/7/24 19:15,25.82,25.01,24.93,100,製冷
2026/7/24 19:15,25.81,25,24.9,100,製冷
2026/7/24 19:15,25.81,25,24.9,100,製冷
2026/7/24 19:15,25.81,25,24.9,100,製冷
2026/7/24 19:15,25.81,25,24.9,100,製冷
2026/7/24 19:15,25.81,24.97,24.89,100,製冷
2026/7/24 19:15,25.81,24.97,24.89,100,製冷
2026/7/24 19:15,25.81,24.97,24.89,100,製冷
2026/7/24 19:15,25.81,24.97,24.89,100,製冷
2026/7/24 19:15,25.78,24.99,24.88,100,製冷
2026/7/24 19:15,25.78,24.99,24.88,100,製冷
2026/7/24 19:15,25.78,24.99,24.88,100,製冷
2026/7/24 19:15,25.78,24.99,24.88,100,製冷
2026/7/24 19:15,25.77,24.96,24.91,100,製冷
2026/7/24 19:15,25.77,24.96,24.91,100,製冷
2026/7/24 19:15,25.77,24.96,24.91,100,製冷
2026/7/24 19:15,25.77,24.96,24.91,100,製冷
2026/7/24 19:15,25.76,24.98,24.92,100,製冷
2026/7/24 19:15,25.76,24.98,24.92,100,製冷
2026/7/24 19:15,25.76,24.98,24.92,100,製冷
2026/7/24 19:15,25.76,24.98,24.92,100,製冷
2026/7/24 19:15,25.75,24.96,24.9,100,製冷
2026/7/24 19:15,25.75,24.96,24.9,100,製冷
2026/7/24 19:15,25.75,24.96,24.9,100,製冷
2026/7/24 19:15,25.75,24.96,24.9,100,製冷
2026/7/24 19:15,25.75,24.95,24.89,100,製冷
2026/7/24 19:15,25.75,24.95,24.89,100,製冷
2026/7/24 19:15,25.75,24.95,24.89,100,製冷
2026/7/24 19:15,25.75,24.95,24.89,100,製冷
2026/7/24 19:15,25.72,24.94,24.88,100,製冷
2026/7/24 19:15,25.72,24.94,24.88,100,製冷
2026/7/24 19:15,25.72,24.94,24.88,100,製冷
2026/7/24 19:15,25.72,24.94,24.88,100,製冷
2026/7/24 19:15,25.73,24.94,24.88,100,製冷
2026/7/24 19:15,25.73,24.94,24.88,100,製冷
2026/7/24 19:15,25.73,24.94,24.88,100,製冷
2026/7/24 19:15,25.73,24.94,24.88,100,製冷
2026/7/24 19:15,25.74,24.94,24.88,100,製冷
2026/7/24 19:15,25.74,24.94,24.88,100,製冷
2026/7/24 19:15,25.74,24.94,24.88,100,製冷
2026/7/24 19:15,25.74,24.94,24.88,100,製冷
2026/7/24 19:15,25.71,24.94,24.84,100,製冷
2026/7/24 19:15,25.71,24.94,24.84,100,製冷
2026/7/24 19:15,25.71,24.94,24.84,100,製冷
2026/7/24 19:15,25.71,24.94,24.84,100,製冷
2026/7/24 19:15,25.73,24.91,24.83,100,製冷
2026/7/24 19:15,25.73,24.91,24.83,100,製冷
2026/7/24 19:15,25.73,24.91,24.83,100,製冷
2026/7/24 19:15,25.73,24.91,24.83,100,製冷
2026/7/24 19:16,25.74,24.92,24.79,100,製冷
2026/7/24 19:16,25.74,24.92,24.79,100,製冷
2026/7/24 19:16,25.74,24.92,24.79,100,製冷
2026/7/24 19:16,25.74,24.92,24.79,100,製冷
2026/7/24 19:16,25.75,24.93,24.8,100,製冷
2026/7/24 19:16,25.75,24.93,24.8,100,製冷
2026/7/24 19:16,25.75,24.93,24.8,100,製冷
2026/7/24 19:16,25.75,24.93,24.8,100,製冷
2026/7/24 19:16,25.75,24.9,24.78,100,製冷
2026/7/24 19:16,25.75,24.9,24.78,100,製冷
2026/7/24 19:16,25.75,24.9,24.78,100,製冷
2026/7/24 19:16,25.75,24.9,24.78,100,製冷
2026/7/24 19:16,25.72,24.92,24.73,100,製冷
2026/7/24 19:16,25.72,24.92,24.73,100,製冷
2026/7/24 19:16,25.72,24.92,24.73,100,製冷
2026/7/24 19:16,25.72,24.92,24.73,100,製冷
2026/7/24 19:16,25.73,24.93,24.71,100,製冷
2026/7/24 19:16,25.73,24.93,24.71,100,製冷
2026/7/24 19:16,25.73,24.93,24.71,100,製冷
2026/7/24 19:16,25.73,24.93,24.71,100,製冷
2026/7/24 19:16,25.74,24.93,24.7,100,製冷
2026/7/24 19:16,25.74,24.93,24.7,100,製冷
2026/7/24 19:16,25.74,24.93,24.7,100,製冷
2026/7/24 19:16,25.74,24.93,24.7,100,製冷
2026/7/24 19:16,25.75,24.94,24.66,100,製冷
2026/7/24 19:16,25.75,24.94,24.66,100,製冷
2026/7/24 19:16,25.75,24.94,24.66,100,製冷
2026/7/24 19:16,25.75,24.94,24.66,100,製冷
2026/7/24 19:16,25.75,24.94,24.64,100,製冷
2026/7/24 19:16,25.75,24.94,24.64,100,製冷
2026/7/24 19:16,25.75,24.94,24.64,100,製冷
2026/7/24 19:16,25.75,24.94,24.64,100,製冷
2026/7/24 19:16,25.75,24.91,24.63,100,製冷
2026/7/24 19:16,25.75,24.91,24.63,100,製冷
2026/7/24 19:16,25.75,24.91,24.63,100,製冷
2026/7/24 19:16,25.75,24.91,24.63,100,製冷
2026/7/24 19:16,25.75,24.89,24.6,100,製冷
2026/7/24 19:16,25.75,24.89,24.6,100,製冷
2026/7/24 19:16,25.75,24.89,24.6,100,製冷
2026/7/24 19:16,25.75,24.89,24.6,100,製冷
2026/7/24 19:16,25.75,24.88,24.58,100,製冷
2026/7/24 19:16,25.75,24.88,24.58,100,製冷
2026/7/24 19:16,25.75,24.88,24.58,100,製冷
2026/7/24 19:16,25.75,24.88,24.58,100,製冷
2026/7/24 19:16,25.75,24.88,24.6,100,製冷
2026/7/24 19:16,25.75,24.88,24.6,100,製冷
2026/7/24 19:16,25.75,24.88,24.6,100,製冷
2026/7/24 19:16,25.75,24.88,24.6,100,製冷
2026/7/24 19:16,25.75,24.88,24.61,100,製冷
2026/7/24 19:16,25.75,24.88,24.61,100,製冷
2026/7/24 19:16,25.75,24.88,24.61,100,製冷
2026/7/24 19:16,25.75,24.88,24.61,100,製冷
2026/7/24 19:16,25.75,24.91,24.62,100,製冷
2026/7/24 19:16,25.75,24.91,24.62,100,製冷
2026/7/24 19:16,25.75,24.91,24.62,100,製冷
2026/7/24 19:16,25.75,24.91,24.62,100,製冷
2026/7/24 19:16,25.75,24.89,24.62,100,製冷
2026/7/24 19:16,25.75,24.89,24.62,100,製冷
2026/7/24 19:16,25.75,24.89,24.62,100,製冷
2026/7/24 19:16,25.75,24.89,24.62,100,製冷
2026/7/24 19:17,25.75,24.88,24.62,100,製冷
2026/7/24 19:17,25.75,24.88,24.62,100,製冷
2026/7/24 19:17,25.75,24.88,24.62,100,製冷
2026/7/24 19:17,25.75,24.88,24.62,100,製冷
2026/7/24 19:17,25.75,24.88,24.62,100,製冷
2026/7/24 19:17,25.75,24.88,24.62,100,製冷
2026/7/24 19:17,25.75,24.88,24.62,100,製冷
2026/7/24 19:17,25.75,24.88,24.62,100,製冷
2026/7/24 19:17,25.75,24.88,24.62,100,製冷
2026/7/24 19:17,25.75,24.88,24.62,100,製冷
2026/7/24 19:17,25.75,24.88,24.62,100,製冷
2026/7/24 19:17,25.75,24.88,24.62,100,製冷
2026/7/24 19:17,25.75,24.88,24.62,100,製冷
2026/7/24 19:17,25.75,24.88,24.62,100,製冷
2026/7/24 19:17,25.75,24.88,24.62,100,製冷
2026/7/24 19:17,25.75,24.88,24.62,100,製冷
2026/7/24 19:17,25.75,24.88,24.62,100,製冷
2026/7/24 19:17,25.75,24.88,24.62,100,製冷
2026/7/24 19:17,25.75,24.88,24.62,100,製冷
2026/7/24 19:17,25.75,24.88,24.62,100,製冷
2026/7/24 19:17,25.75,24.88,24.62,100,製冷
2026/7/24 19:17,25.75,24.88,24.62,100,製冷
2026/7/24 19:17,25.75,24.88,24.62,100,製冷
2026/7/24 19:17,25.75,24.88,24.62,100,製冷
2026/7/24 19:17,25.75,24.88,24.62,100,製冷
2026/7/24 19:17,25.75,24.88,24.62,100,製冷
,,,24.07,,
